alert_set,name,smarts_str
Glaxo,R1 Reactive alkyl halides,"[Br,Cl,I][CX4;CH,CH2]"
Glaxo,R2 Acid halides,"[S,C](=[O,S])[F,Br,Cl,I]"
Glaxo,R3 Carbazides,O=CN=[N+]=[N-]
Glaxo,R4 Sulphate esters,"COS(=O)O[C,c]"
Glaxo,R5 Sulphonates,"COS(=O)(=O)[C,c]"
Glaxo,R6 Acid anhydrides,C(=O)OC(=O)
Glaxo,R7 Peroxides,OO
Glaxo,R8 Pentafluorophenyl esters,C(=O)Oc1c(F)c(F)c(F)c(F)c1(F)
Glaxo,R9 Paranitrophenyl esters,C(=O)Oc1ccc(N(=O)~[OX1])cc1
Glaxo,R10 esters of HOBT,C(=O)Onnn
Glaxo,R11 Isocyanates & Isothiocyanates,"N=C=[S,O]"
Glaxo,R12 Triflates,OS(=O)(=O)C(F)(F)F
Glaxo,R13 lawesson's reagent and derivatives,P(=S)(S)S
Glaxo,R14 phosphoramides,NP(=O)(N)N
Glaxo,R15 Aromatic azides,cN=[N+]=[N-]
Glaxo,R16 beta carbonyl quaternary Nitrogen,"C(=O)C[N+,n+]"
Glaxo,R17 acylhydrazide,[N;R0][N;R0]C(=O)
Glaxo,"R18 Quaternary C, Cl, I, P or S","[C+,Cl+,I+,P+,S+]"
Glaxo,R19 Phosphoranes,C=P
Glaxo,R20 Chloramidines,[Cl]C([C&R0])=N
Glaxo,R21 Nitroso,[N&D2](=O)
Glaxo,R22 P/S Halides,"[P,S][Cl,Br,F,I]"
Glaxo,R23 Carbodiimide,N=C=N
Glaxo,R24 Isonitrile,[N+]#[C-]
Glaxo,R25 Triacyloximes,C(=O)N(C(=O))OC(=O)
Glaxo,R26 Cyanohydrins,N#CC[OH]
Glaxo,R27 Acyl cyanides,N#CC(=O)
Glaxo,R28 Sulfonyl cyanides,S(=O)(=O)C#N
Glaxo,R29 Cyanophosphonates,P(OCC)(OCC)(=O)C#N
Glaxo,R30 Azocyanamides,[N;R0]=[N;R0]C#N
Glaxo,R31 Azoalkanals,[N;R0]=[N;R0]CC=O
Glaxo,I1 Aliphatic methylene chains 7 or more long,[CD2;R0][CD2;R0][CD2;R0][CD2;R0][CD2;R0][CD2;R0][CD2;R0]
Glaxo,I2 Compounds with 4 or more acidic groups,"[C,S,P](=O)[OH].[C,S,P](=O)[OH].[C,S,P](=O)[OH].[C,S,P](=O)[OH]"
Glaxo,I3 Crown ethers,[O;R1][C;R1][C;R1][O;R1][C;R1][C;R1][O;R1]
Glaxo,I4 Disulphides,SS
Glaxo,I5 Thiols,[SH]
Glaxo,"I6 Epoxides, Thioepoxides, Aziridines","C1[O,S,N]C1"
Glaxo,"I7 2,4,5 trihydroxyphenyl",c([OH])c([OH])c([OH])
Glaxo,"I8 2,3,4 trihydroxyphenyl",c([OH])c([OH])cc([OH])
Glaxo,I9 Hydrazothiourea,N=NC(=S)N
Glaxo,I10 Thiocyanate,SC#N
Glaxo,I11 Benzylic quaternary Nitrogen,cC[N+]
Glaxo,I12 Thioesters,"C[O,S;R0][C;R0](=S)"
Glaxo,I13 Cyanamides,N[CH2]C#N
Glaxo,I14 Four membered lactones,C1(=O)OCC1
Glaxo,I15 Di and Triphosphates,P(=O)([OH])OP(=O)[OH]
Glaxo,I16 Betalactams,N1CCC1=O
Glaxo,N1 Quinones,O=C1[#6]~[#6]C(=O)[#6]~[#6]1
Glaxo,N2 Polyenes,C=CC=CC=CC=C
Glaxo,N3 Saponin derivatives,O1CCCCC1OC2CCC3CCCCC3C2
Glaxo,N4 Cytochalasin derivatives,O=C1NCC2CCCCC21
Glaxo,N5 Cycloheximide derivatives,O=C1CCCC(N1)=O
Glaxo,N6 Monensin derivatives,O1CCCCC1C2CCCO2
Glaxo,N7 Cyanidin derivatives,[OH]c1cc([OH])cc2=[O+]C(=C([OH])Cc21)c3cc([OH])c([OH])cc3
Glaxo,N8 Squalestatin derivatives,C12OCCC(O1)CC2
Dundee,> 2 ester groups,"C(=O)O[C,H1].C(=O)O[C,H1].C(=O)O[C,H1]"
Dundee,2-halo pyridine,"n1c([F,Cl,Br,I])cccc1"
Dundee,acid halide,"C(=O)[Cl,Br,I,F]"
Dundee,acyclic C=C-O,C=[C!r]O
Dundee,acyl cyanide,N#CC(=O)
Dundee,acyl hydrazine,C(=O)N[NH2]
Dundee,aldehyde,[CH1](=O)
Dundee,Aliphatic long chain,[R0;D2][R0;D2][R0;D2][R0;D2]
Dundee,alkyl halide,"[CX4][Cl,Br,I]"
Dundee,amidotetrazole,c1nnnn1C=O
Dundee,aniline,c1cc([NH2])ccc1
Dundee,azepane,[CH2R2]1N[CH2R2][CH2R2][CH2R2][CH2R2][CH2R2]1
Dundee,Azido group,N=[N+]=[N-]
Dundee,Azo group,N#N
Dundee,azocane,[CH2R2]1N[CH2R2][CH2R2][CH2R2][CH2R2][CH2R2][CH2R2]1
Dundee,benzidine,"[cR2]1[cR2][cR2]([Nv3X3,Nv4X4])[cR2][cR2][cR2]1[cR2]2[cR2][cR2][cR2]([Nv3X3,Nv4X4])[cR2][cR2]2"
Dundee,beta-keto/anhydride,"[C,c](=O)[CX4,CR0X3,O][C,c](=O)"
Dundee,biotin analogue,C12C(NC(N1)=O)CSC2
Dundee,Carbocation/anion,"[C+,c+,C-,c-]"
Dundee,catechol,"c1c([OH])c([OH,NH2,NH])ccc1"
Dundee,charged oxygen or sulfur atoms,"[O+,o+,S+,s+]"
Dundee,chinone,"C1(=[O,N])C=CC(=[O,N])C=C1"
Dundee,chinone,"C1(=[O,N])C(=[O,N])C=CC=C1"
Dundee,conjugated nitrile group,C=[C!r]C#N
Dundee,crown ether,"[OR2,NR2]@[CR2]@[CR2]@[OR2,NR2]@[CR2]@[CR2]@[OR2,NR2]"
Dundee,cumarine,c1ccc2c(c1)ccc(=O)o2
Dundee,cyanamide,N[CH2]C#N
Dundee,cyanate/aminonitrile/thiocyanate,"[N,O,S]C#N"
Dundee,cyanohydrins,N#CC[OH]
Dundee,cycloheptane,[CR2]1[CR2][CR2][CR2][CR2][CR2][CR2]1
Dundee,cycloheptane,[CR2]1[CR2][CR2]cc[CR2][CR2]1
Dundee,cyclooctane,[CR2]1[CR2][CR2][CR2][CR2][CR2][CR2][CR2]1
Dundee,cyclooctane,[CR2]1[CR2][CR2]cc[CR2][CR2][CR2]1
Dundee,diaminobenzene,"[cR2]1[cR2]c([N+0X3R0,nX3R0])c([N+0X3R0,nX3R0])[cR2][cR2]1"
Dundee,diaminobenzene,"[cR2]1[cR2]c([N+0X3R0,nX3R0])[cR2]c([N+0X3R0,nX3R0])[cR2]1"
Dundee,diaminobenzene,"[cR2]1[cR2]c([N+0X3R0,nX3R0])[cR2][cR2]c1([N+0X3R0,nX3R0])"
Dundee,diazo group,[N!R]=[N!R]
Dundee,diketo group,"[C,c](=O)[C,c](=O)"
Dundee,disulphide,SS
Dundee,enamine,[CX2R0][NX3R0]
Dundee,ester of HOBT,C(=O)Onnn
Dundee,four member lactones,C1(=O)OCC1
Dundee,halogenated ring,"c1cc([Cl,Br,I,F])cc([Cl,Br,I,F])c1[Cl,Br,I,F]"
Dundee,halogenated ring,"c1ccc([Cl,Br,I,F])c([Cl,Br,I,F])c1[Cl,Br,I,F]"
Dundee,heavy metal,"[Hg,Fe,As,Sb,Zn,Se,se,Te,B,Si]"
Dundee,het-C-het not in ring,"[NX3R0,NX4R0,OR0,SX2R0][CX4][NX3R0,NX4R0,OR0,SX2R0]"
Dundee,hydantoin,C1NC(=O)NC(=O)1
Dundee,hydrazine,N[NH2]
Dundee,hydroquinone,"[OH]c1ccc([OH,NH2,NH])cc1"
Dundee,hydroxamic acid,C(=O)N[OH]
Dundee,imine,C=[N!R]
Dundee,imine,"N=[CR0][N,n,O,S]"
Dundee,iodine,I
Dundee,isocyanate,N=C=O
Dundee,isolated alkene,"[$([CH2]),$([CH][CX4]),$(C([CX4])[CX4])]=[$([CH2]),$([CH][CX4]),$(C([CX4])[CX4])]"
Dundee,ketene,C=C=O
Dundee,"methylidene-1,3-dithiole",S1C=CSC1=S
Dundee,Michael acceptor,"C=!@CC=[O,S]"
Dundee,Michael acceptor,"[$([CH]),$(CC)]#CC(=O)[C,c]"
Dundee,Michael acceptor,"[$([CH]),$(CC)]#CS(=O)(=O)[C,c]"
Dundee,Michael acceptor,C=C(C=O)C=O
Dundee,Michael acceptor,"[$([CH]),$(CC)]#CC(=O)O[C,c]"
Dundee,N oxide,"[NX2,nX3][OX1]"
Dundee,"N-acyl-2-amino-5-mercapto-1,3,4-thiadiazole",s1c(S)nnc1NC=O
Dundee,N-C-halo,"NC[F,Cl,Br,I]"
Dundee,N-halo,"[NX3,NX4][F,Cl,Br,I]"
Dundee,N-hydroxyl pyridine,n[OH]
Dundee,nitro group,[N+](=O)[O-]
Dundee,N-nitroso,[#7]-N=O
Dundee,oxime,"[C,c]=N[OH]"
Dundee,oxime,"[C,c]=NOC=O"
Dundee,Oxygen-nitrogen single bond,"[OR0,NR0][OR0,NR0]"
Dundee,perfluorinated chain,[CX4](F)(F)[CX4](F)F
Dundee,peroxide,OO
Dundee,phenol ester,c1ccccc1OC(=O)[#6]
Dundee,phenyl carbonate,c1ccccc1OC(=O)O
Dundee,phosphor,P
Dundee,phthalimide,"[cR,CR]~C(=O)NC(=O)~[cR,CR]"
Dundee,Polycyclic aromatic hydrocarbon,a1aa2a3a(a1)A=AA=A3=AA=A2
Dundee,Polycyclic aromatic hydrocarbon,a21aa3a(aa1aaaa2)aaaa3
Dundee,Polycyclic aromatic hydrocarbon,a31a(a2a(aa1)aaaa2)aaaa3
Dundee,polyene,[CR0]=[CR0][CR0]=[CR0]
Dundee,quaternary nitrogen,"[s,S,c,C,n,N,o,O]~[nX3+,NX3+](~[s,S,c,C,n,N])~[s,S,c,C,n,N]"
Dundee,quaternary nitrogen,"[s,S,c,C,n,N,o,O]~[n+,N+](~[s,S,c,C,n,N,o,O])(~[s,S,c,C,n,N,o,O])~[s,S,c,C,n,N,o,O]"
Dundee,quaternary nitrogen,[*]=[N+]=[*]
Dundee,saponine derivative,O1CCCCC1OC2CCC3CCCCC3C2
Dundee,silicon halogen,"[Si][F,Cl,Br,I]"
Dundee,stilbene,c1ccccc1C=Cc2ccccc2
Dundee,sulfinic acid,"[SX3](=O)[O-,OH]"
Dundee,Sulfonic acid,"[C,c]S(=O)(=O)O[C,c]"
Dundee,Sulfonic acid,"S(=O)(=O)[O-,OH]"
Dundee,sulfonyl cyanide,S(=O)(=O)C#N
Dundee,sulfur oxygen single bond,[SX2]O
Dundee,sulphate,OS(=O)(=O)[O-]
Dundee,Sulphur-nitrogen single bond,[SX2H0][N]
Dundee,Thiobenzothiazole,c12ccccc1(SC(S)=N2)
Dundee,thiobenzothiazole,c12ccccc1(SC(=S)N2)
Dundee,Thiocarbonyl group,"[C,c]=S"
Dundee,thioester,SC=O
Dundee,thiol,[S-]
Dundee,thiol,[SH]
Dundee,Three-membered heterocycle,"*1[O,S,N]*1"
Dundee,triflate,OS(=O)(=O)C(F)(F)F
Dundee,triphenyl methylsilyl,"[SiR0,CR0](c1ccccc1)(c2ccccc2)(c3ccccc3)"
Dundee,triple bond,C#C
BMS,2halo_pyrazine_3EWG,"[#7;R1]1[#6]([F,Cl,Br,I])[#6]([$(S(=O)(=O)),$(C(F)(F)(F)),$(C#N),$(N(=O)(=O)),$([N+](=O)[O-]),$(C=O)])[#7][#6][#6]1"
BMS,2halo_pyrazine_5EWG,"[#7;R1]1[#6]([F,Cl,Br,I])[#6;!$(c-N)][#7][#6]([$(S(=O)(=O)),$(C(F)(F)(F)),$(C#N),$(N(=O)(=O)),$([N+](=O)[O-]),$(C=O)])[#6;!$(c-N)]1"
BMS,2halo_pyridazine_3EWG,"[#7;R1]1[#6]([F,Cl,Br,I])[#6]([$(S(=O)(=O)),$(C(F)(F)(F)),$(C#N),$(N(=O)(=O)),$([N+](=O)[O-]),$(C=O)])[#6][#6][#7]1"
BMS,2halo_pyridazine_5EWG,"[#7;R1]1[#6]([F,Cl,Br,I])[#6][#6][#6]([$(S(=O)(=O)),$(C(F)(F)(F)),$(C#N),$(N(=O)(=O)),$([N+](=O)[O-]),$(C=O)])[#7]1"
BMS,2halo_pyridine_3EWG,"[#7;R1]1[#6;!$(c=O)]([F,Cl,Br,I])[#6]([$(S(=O)(=O)),$(C(F)(F)(F)),$(C#N),$(N(=O)(=O)),$([N+](=O)[O-]),$(C=O)])[#6;!$(c-N)][#6][#6;!$(c-N)]1"
BMS,2halo_pyridine_5EWG,"[#7;R1]1[#6;!$(c=O)]([F,Cl,Br,I])[#6][#6;!$(c-N)][#6]([$(S(=O)(=O)),$(C(F)(F)(F)),$(C#N),$(N(=O)(=O)),$([N+](=O)[O-]),$(C=O)])[#6;!$(c=O);!$(c-N)]1"
BMS,2halo_pyrimidine_5EWG,"[#7;R1]1[#6]([F,Cl,Br,I])[#7][#6][#6]([$(S(=O)(=O)),$(C(F)(F)(F)),$(C#N),$(N(=O)(=O)),$([N+](=O)[O-]),$(C=O)])[#6]1"
BMS,3halo_pyridazine_2EWG,"[#7;R1]1[#6]([$(S(=O)(=O)),$(C(F)(F)(F)),$(C#N),$(N(=O)(=O)),$([N+](=O)[O-]),$(C=O)])[#6]([F,Cl,Br,I])[#6][#6][#7]1"
BMS,3halo_pyridazine_4EWG,"[#7;R1]1[#6][#6]([F,Cl,Br,I])[#6]([$(S(=O)(=O)),$(C(F)(F)(F)),$(C#N),$(N(=O)(=O)),$([N+](=O)[O-]),$(C=O)])[#6][#7]1"
BMS,4_pyridone_3_5_EWG,"[#7,#8,#16]1~[#6;H]~[#6]([$(S(=O)(=O)),$(C(F)(F)(F)),$(C#N),$(N(=O)(=O)),$([N+](=O)[O-]),$(C=O)])~[#6](=O)~[#6]([$(S(=O)(=O)),$(C(F)(F)(F)),$(C#N),$(N(=O)(=O)),$([N+](=O)[O-]),$(C=O)])~[#6;H]1"
BMS,4halo_pyridine_3EWG,"[#7;R1]1[#6;!$(c=O);!$(c-N)][#6]([$(S(=O)(=O)),$(C(F)(F)(F)),$(C#N),$(N(=O)(=O)),$([N+](=O)[O-]),$(C=O)])[#6]([F,Cl,Br,I])[#6][#6;!$(c=O);!$(c-N)]1"
BMS,4halo_pyrimidine_2_6EWG,"[#7]1[#6]([$(S(=O)(=O)),$(C(F)(F)(F)),$(C#N),$(N(=O)(=O)),$([N+](=O)[O-]),$(C=O)])[#7;R1][#6]([F,Cl,Br,I])[#6][#6]1([$(S(=O)(=O)),$(C(F)(F)(F)),$(C#N),$(N(=O)(=O)),$([N+](=O)[O-]),$(C=O)])"
BMS,4halo_pyrimidine_5EWG,"[#7]1[#6][#7;R1][#6]([F,Cl,Br,I])[#6]([$(S(=O)(=O)),$(C(F)(F)(F)),$(C#N),$(N(=O)(=O)),$([N+](=O)[O-]),$(C=O)])[#6]1"
BMS,CH2_S#O_3_ring,"[CH2]1[O,S]C1"
BMS,HOBT_ester,"O=C(-[!N])O[$(nnn),$([#7]-[#7]=[#7])]"
BMS,NO_phosphonate,P(=O)ON
BMS,acrylate,[CH2]=[C;!$(C-N);!$(C-O)]C(=O)
BMS,activated_4mem_ring,"[#6]1~[$(C(=O)),$(S(=O))]~[O,S,N]~[$(C(=O)),$(S(=O))]1"
BMS,activated_S#O_3_ring,"C1~[O,S]~[C,N,O,S]1[a,N,O,S]"
BMS,activated_acetylene,"[$(S(=O)(=O)),$(C(F)(F)(F)),$(C#N),$(N(=O)(=O)),$([N+](=O)[O-]),$(C(=O))]C#[C;!$(C-N);!$(C-n)]"
BMS,activated_diazo,"[N;!R]([$(S(=O)(=O)),$(C(F)(F)(F)),$(C#N),$(N(=O)(=O)),$([N+](=O)[O-]),$(C(=O))])=[N;!R]([$(S(=O)(=O)),$(C(F)(F)(F)),$(C#N),$(N(=O)(=O)),$([N+](=O)[O-]),$(C(=O))])"
BMS,activated_vinyl_ester,"O=COC=[$(C(S(=O)(=O))),$(C(C(F)(F)(F))),$(C(C#N)),$(C(N(=O)(=O))),$(C([N+](=O)[O-])),$(C(C(=O)));!$(C(N))]"
BMS,activated_vinyl_sulfonate,"O(-S(=O)(=O))C=[$(C(S(=O)(=O))),$(C(C(F)(F)(F))),$(C(C#N)),$(C(N(=O)(=O))),$(C([N+](=O)[O-])),$(C(C(=O)));!$(C(N))]"
BMS,acyclic_imide,"[C,c][C;!R](=O)[N;!R][C;!R](=O)[C,c]"
BMS,acyl_123_triazole,[#7;R1]1~[#7;R1]~[#7;R1](-C(=O))~[#6]~[#6]1
BMS,acyl_134_triazole,[#7]1~[#7]~[#6]~[#7](-C(=O)[!N])~[#6]1
BMS,acyl_activated_NO,"O=C(-[!N])O[$([#7;+]),$(N(C=[O,S,N])(C=[O,S,N]))]"
BMS,acyl_cyanide,C(=O)-C#N
BMS,acyl_imidazole,"[C;!$(C-N)](=O)[#7]1[#6;H1,$([#6]([*;!R]))][#7][#6;H1,$([#6]([*;!R]))][#6;H1,$([#6]([*;!R]))]1"
BMS,acyl_pyrazole,"[C;!$(C-N)](=O)[#7]1[#7][#6;H1,$([#6]([*;!R]))][#6;H1,$([#6]([*;!R]))][#6;H1,$([#6]([*;!R]))]1"
BMS,aldehyde,"[C,c][C;H1](=O)"
BMS,alpha_dicarbonyl,C(=O)!@C(=O)
BMS,alpha_halo_EWG,"[$(C(F)(F)(F)),$(C#N),$(N(=O)(=O)),$([N+](=O)[O-])]-[CH,CH2]-[Cl,Br,I,$(O(S(=O)(=O)))]"
BMS,alpha_halo_amine,"[F,Cl,Br,I,$(O(S(=O)(=O)))]-[CH,CH2;!$(C(F)F)]-[N,n]"
BMS,alpha_halo_carbonyl,"C(=O)([CH,CH2][Cl,Br,I,$(O(S(=O)(=O)))])"
BMS,alpha_halo_heteroatom,"[N,n,O,S;!$(S(=O)(=O))]-[CH,CH2;!$(C(F)F)][F,Cl,Br,I,$(O(S(=O)(=O)))]"
BMS,alpha_halo_heteroatom_tert,"[N,n,O,S;!$(S(=O)(=O))]-C([Cl,Br,I,$(O(S(=O)(=O)))])(C)(C)"
BMS,anhydride,"[$(C(=O)),$(C(=S))]-[O,S]-[$(C(=O)),$(C(=S)),$(C(=[N;!R])),$(C(=N(-[C;X4])))]"
BMS,aryl_phosphonate,P(=O)-[O;!R]-a
BMS,aryl_thiocarbonyl,a-[S;X2;!R]-[C;!R](=O)
BMS,azide,"[$(N#[N+]-[N-]),$([N-]=[N+]=N)]"
BMS,aziridine_diazirine,"[C,N]1~[C,N]~N~1"
BMS,azo_amino,[N]=[N;!R]-[N]
BMS,azo_aryl,c[N;!R;!+]=[N;!R;!+]-c
BMS,azo_filter1,[N;!R]=[N;!R]-[N]=[*]
BMS,azo_filter2,[N;!$(N-S(=O)(=O));!$(N-C=O)]-[N;!r3;!$(N-S(=O)(=O));!$(N-C=O)]-[N;!$(N-S(=O)(=O));!$(N-C=O)]
BMS,azo_filter3,[N;!R]-[N;!R]-[N;!R]
BMS,azo_filter4,a-N=N-[N;H2]
BMS,bad_boron,"[B-,BH2,BH3,$(B(F)(F))]"
BMS,bad_cations,"[C+,F+,Cl+,Br+,I+,Se+]"
BMS,benzidine_like,c([N;!+])1ccc(c2ccc([N;!+])cc2)cc1
BMS,beta_lactone,"[#6,#15,#16]1(=O)~[#6]~[#6]~[#8,#16]1"
BMS,betalactam,C1(=O)~[#6]~[#6]N1
BMS,betalactam_EWG,"C1(=O)~[#6]~[#6]N1([$(S(=O)(=O)[C,c,O&D2]),$(C(F)(F)(F)),$(C#N),$(N(=O)(=O)),$([N+](=O)[O-]),$(C(=O)[C,c,O&D2])])"
BMS,bis_activated_aryl_ester,"O=[C,S]Oc1aaa([$(S(=O)(=O)),$(C(F)(F)(F)),$(C#N),$(N(=O)(=O)),$([N+](=O)[O-]),$(C(=O)O),$(C(=O)N)])aa([$(S(=O)(=O)),$(C(F)(F)(F)),$(C#N),$(N(=O)(=O)),$([N+](=O)[O-]),$(C(=O)O),$(C(=O)N)])1"
BMS,bis_keto_olefin,"CC(=O)[$([C&H1]),$(C-F),$(C-Cl),$(C-Br),$(C-I)]=[$([C&H1]),$(C-F),$(C-Cl),$(C-Br),$(C-I)]C(=O)C"
BMS,boron_warhead,"[C,c]~[#5]"
BMS,branched_polycyclic_aromatic,a1(a2aa(a3aaaaa3)aa(a4aaaaa4)a2)aaaaa1
BMS,carbodiimide_iso#thio#cyanate,"N=C=[N,O,S]"
BMS,carbonyl_halide,"O=C[F,Cl,Br,I]"
BMS,contains_metal,"[$([Ru]),$([Rh]),$([Se]),$([Pd]),$([Sc]),$([Bi]),$([Sb]),$([Ag]),$([Ti]),$([Al]),$([Cd]),$([V]),$([In]),$([Cr]),$([Sn]),$([Mn]),$([La]),$([Fe]),$([Er]),$([Tm]),$([Yb]),$([Lu]),$([Hf]),$([Ta]),$([W]),$([Re]),$([Co]),$([Os]),$([Ni]),$([Ir]),$([Cu]),$([Zn]),$([Ga]),$([Ge]),$([As]),$([Y]),$([Zr]),$([Nb]),$([Ce]),$([Pr]),$([Nd]),$([Sm]),$([Eu]),$([Gd]),$([Tb]),$([Dy]),$([Ho]),$([Pt]),$([Au]),$([Hg]),$([Tl]),$([Pb]),$([Ac]),$([Th]),$([Pa]),$([Mo]),$([U]),$([Tc]),$([Te]),$([Po]),$([At])]"
BMS,crown_ether,"[$([O,S,#7;R1;r9,r10,r11,r12,r13,r14,r15,r16,r17,r18][CH,CH2;r9,r10,r11,r12,r13,r14,r15,r16,r17,r18][CH,CH2;r9,r10,r11,r12,r13,r14,r15,r16,r17,r18][O,S,#7;R1;r9,r10,r11,r12,r13,r14,r15,r16,r17,r18][CH,CH2;r9,r10,r11,r12,r13,r14,r15,r16,r17,r18][CH,CH2;r9,r10,r11,r12,r13,r14,r15,r16,r17,r18][O,S,#7;R1;r9,r10,r11,r12,r13,r14,r15,r16,r17,r18]),$([O,S,#7;R1;r9,r10,r11,r12,r13,r14,r15,r16,r17,r18][CH,CH2;r9,r10,r11,r12,r13,r14,r15,r16,r17,r18][CH,CH2;r9,r10,r11,r12,r13,r14,r15,r16,r17,r18][CH,CH2;r9,r10,r11,r12,r13,r14,r15,r16,r17,r18][O,S,#7;R1;r9,r10,r11,r12,r13,r14,r15,r16,r17,r18][CH,CH2;r9,r10,r11,r12,r13,r14,r15,r16,r17,r18][CH,CH2;r9,r10,r11,r12,r13,r14,r15,r16,r17,r18][CH,CH2;r9,r10,r11,r12,r13,r14,r15,r16,r17,r18][O,S,#7;R1;r9,r10,r11,r12,r13,r14,r15,r16,r17,r18]),$([O,S,#7;R1;r9,r10,r11,r12,r13,r14,r15,r16,r17,r18][CH,CH2;r9,r10,r11,r12,r13,r14,r15,r16,r17,r18][CH,CH2;r9,r10,r11,r12,r13,r14,r15,r16,r17,r18][O,S,#7;R1;r9,r10,r11,r12,r13,r14,r15,r16,r17,r18][CH,CH2;r9,r10,r11,r12,r13,r14,r15,r16,r17,r18][CH,CH2;r9,r10,r11,r12,r13,r14,r15,r16,r17,r18][CH,CH2;r9,r10,r11,r12,r13,r14,r15,r16,r17,r18][O,S,#7;R1;r9,r10,r11,r12,r13,r14,r15,r16,r17,r18])]"
BMS,cyano_phosphonate,"P(O[A,a])(O[A,a])(=O)C#N"
BMS,cyanohydrin,"[C;X4](-[OH,NH1,NH2,SH])(-C#N)"
BMS,diamino_sulfide,"[N,n]~[S;!R;D2]~[N,n]"
BMS,diazo_carbonyl,"[$(N=N=C~C=O),$(N#N-C~C=O)]"
BMS,diazonium,a[N+]#N
BMS,dicarbonyl_sulfonamide,"[$(N(-C(=O))(-C(=O))(-S(=O))),$(n([#6](=O))([#6](=O))([#16](=O)))]"
BMS,disulfide_acyclic,[S;!R;X2]-[S;!R;X2]
BMS,disulfonyliminoquinone,S(=O)(=O)N=C1C=CC(=NS(=O)(=O))C=C1
BMS,double_trouble_warhead,NC(C[S;D1])C([N;H1]([O;D1]))=O
BMS,flavanoid,O=C2CC(a3aaaaa3)Oa1aaaaa12
BMS,four_nitriles,C#N.C#N.C#N.C#N
BMS,gte_10_carbon_sb_chain,[C;!R]-[C;!R]-[C;!R]-[C;!R]-[C;!R]-[C;!R]-[C;!R]-[C;!R]-[C;!R]-[C;!R]
BMS,gte_2_N_quats,"[N,n;H0;+;!$(N~O);!$(n~O)].[N,n;H0;+;!$(N~O);!$(n~O)]"
BMS,gte_2_free_phos,P([O;D1])=O.P([O;D1])=O
BMS,gte_2_sulfonic_acid,"[C,c]S(=O)(=O)[O;D1].[C,c]S(=O)(=O)[O;D1]"
BMS,gte_3_COOH,C(=O)[O;D1].C(=O)[O;D1].C(=O)[O;D1]
BMS,gte_3_iodine,[#53].[#53].[#53]
BMS,gte_4_basic_N,"[N;!$(N(=[N,O,S,C]));!$(N(S(=O)(=O)));!$(N(C(F)(F)(F)));!$(N(C#N));!$(N(C(=O)));!$(N(C(=S)));!$(N(C(=N)));!$(N(#C));!$(Nc)].[N;!$(N(=[N,O,S,C]));!$(N(S(=O)(=O)));!$(N(C(F)(F)(F)));!$(N(C#N));!$(N(C(=O)));!$(N(C(=S)));!$(N(C(=N)));!$(N(#C));!$(Nc)].[N;!$(N(=[N,O,S,C]));!$(N(S(=O)(=O)));!$(N(C(F)(F)(F)));!$(N(C#N));!$(N(C(=O)));!$(N(C(=S)));!$(N(C(=N)));!$(N(#C));!$(Nc)].[N;!$(N(=[N,O,S,C]));!$(N(S(=O)(=O)));!$(N(C(F)(F)(F)));!$(N(C#N));!$(N(C(=O)));!$(N(C(=S)));!$(N(C(=N)));!$(N(#C));!$(N-c)]"
BMS,gte_4_nitro,"[$([N+](=O)[O-]),$(N(=O)=O)].[$([N+](=O)[O-]),$(N(=O)=O)].[$([N+](=O)[O-]),$(N(=O)=O)].[$([N+](=O)[O-]),$(N(=O)=O)]"
BMS,gte_5_phenolic_OH,a[O;D1].a[O;D1].a[O;D1].a[O;D1].a[O;D1]
BMS,gte_7_aliphatic_OH,C[O;D1].C[O;D1].C[O;D1].C[O;D1].C[O;D1].C[O;D1].C[O;D1]
BMS,gte_7_total_hal,"[Cl,Br,I].[Cl,Br,I].[Cl,Br,I].[Cl,Br,I].[Cl,Br,I].[Cl,Br,I].[Cl,Br,I]"
BMS,gte_8_CF2_or_CH2,"[CH2,$(C(F)F);R0][CH2,$(C(F)F);R0][CH2,$(C(F)F);R0][CH2,$(C(F)F);R0][CH2,$(C(F)F);R0][CH2,$(C(F)F);R0][CH2,$(C(F)F);R0][CH2,$(C(F)F);R0]"
BMS,halo_5heterocycle_bis_EWG,"[#7,#8,#16]1[#6]([$(S(=O)(=O)),$([F,Cl]),$(C(F)(F)(F)),$(C#N),$(N(=O)(=O)),$([N+](=O)[O-]),$(C(=O))])[#6]([$(S(=O)(=O)),$([F,Cl]),$(C(F)(F)(F)),$(C#N),$(N(=O)(=O)),$([N+](=O)[O-]),$(C(=O))])[#7][#6]1([Cl,Br,I])"
BMS,halo_acrylate,"[$([C;H2]),$([C&H1;$(C-F)]),$([C&H1;$(C-Cl)]),$([C&H1;$(C-Br)]),$([C&H1;$(CI)]),$(C(F)F),$(C(Cl)Cl),$(C(Br)Br),$(C(I)I),$(C(F)Cl),$(C(F)Br),$(C(F)I),$(C(Cl)Br),$(C(Br)I)](=[$([C&H1;$(C(-C(=O)))]),$(C(F)(C(=O))),$(C(Cl)(C(=O))),$(C(Br)(C(=O))),$(C(I)(C(=O))),$(C(C)(C(=O))),$(C(c)(C(=O)))])"
BMS,halo_imino,"C(=[#7])([Cl,Br,I,$(O(S(=O)(=O)))])"
BMS,halo_olefin_bis_EWG,"C([Cl,Br,I,$(O(S(=O)(=O)))])=C([$(S(=O)(=O)),$(C(F)(F)(F)),$(C#N),$(N(=O)(=O)),$([N+](=O)[O-]),$(C=O)])([$(S(=O)(=O)),$(C(F)(F)(F)),$(C#N),$(N(=O)(=O)),$([N+](=O)[O-]),$(C=O)])"
BMS,halo_phenolic_carbonyl,"C(=O)Oc1c([Cl,F])[cH1,$(c[F,Cl])]c([F,Cl])[cH1,$(c[F,Cl])]c1([F,Cl])"
BMS,halo_phenolic_sulfonyl,"S(=O)Oc1c([Cl,F])[cH1,$(c[F,Cl])]c([F,Cl])[cH1,$(c[F,Cl])]c1([F,Cl])"
BMS,halogen_heteroatom,"[!C;!c;!H][F,Cl,Br,I]"
BMS,hetero_silyl,[Si]~[!#6]
BMS,hydrazine,[N;X3;!$(N-S(=O)(=O));!$(N-C(F)(F)(F));!$(N-C#N);!$(N-C(=O));!$(N-C(=S));!$(N-C(=N))]-[N;X3;!$(N-S(=O)(=O));!$(N-C(F)(F)(F));!$(N-C#N);!$(N-C(=O));!$(N-C(=S));!$(N-C(=N))]
BMS,hydrazothiourea,[N;!R]=NC(=S)N
BMS,hydroxamate_warhead,C([N;H1]([O;D1]))=O
BMS,hyperval_sulfur,"[$([#16&D3]),$([#16&D4])]=,:[#6]"
BMS,isonitrile,[N+]#[C-]
BMS,keto_def_heterocycle,"[$(c([C;!R;!$(C-[N,O,S]);!$(C-[H])](=O))1naaaa1),$(c([C;!R;!$(C-[N,O,S]);!$(C-[H])](=O))1naa[n,s,o]1)]"
BMS,linear_polycyclic_aromatic_I,"[$(a12aaaaa1aa3a(aa(aaaa4)a4a3)a2),$(a12aaaaa1aa3a(aaa4a3aaaa4)a2),$(a12aaaaa1a(aa5)a3a(aaa4a3a5aaa4)a2)]"
BMS,linear_polycyclic_aromatic_II,"[$(a12aaaa4a1a3a(aaaa3aa4)aa2),$(a12aaaaa1a3a(aaa4a3aaaa4)aa2),$(a1(a(aaaa4)a4a3a2aaaa3)a2aaaa1)]"
BMS,maleimide_etc,"[$([C;H1]),$(C(-[F,Cl,Br,I]))]1=[$([C;H1]),$(C(-[F,Cl,Br,I]))]C(=O)[N,O,S]C(=O)1"
BMS,meldrums_acid_deriv,O=C1OC(C)(C)OC(C1)=O
BMS,monofluoroacetate,"[C;H2](F)C(=O)[O,N,S]"
BMS,nitrone,[C;!R]=[N+][O;D1]
BMS,nitrosamine,N-[N;X2](=O)
BMS,non_ring_CH2O_acetal,"[O,N,S;!$(S~O)]!@[CH2]!@[O,S,N;!$(S~O)]"
BMS,non_ring_acetal,"[O,N,S;!$(S~O)]!@[C;H1;X4]!@[O,N,S;!$(S~O)]"
BMS,non_ring_ketal,"[O,N,S;!$(S~O)]!@[C;H0;X4](!@[O,N,S;!$(S~O)])(C)"
BMS,ortho_hydroiminoquinone,c1c([N;D1])c([N;D1])c[cH1][cH1]1
BMS,ortho_hydroquinone,"a1c([O,S;D1])c([O,S;D1])a[cH1][cH1]1"
BMS,ortho_nitrophenyl_carbonyl,"[#6]1(-O-[C;!R](=[O,N;!R]))[#6]([$(N(=O)(=O)),$([N+](=O)[O-])])[#6][#6][#6][#6]1"
BMS,ortho_quinone,"[CH1,$(C(-[Cl,Br,I]))]1=CC(=[O,N,S;!R])C(=[O,N,S])C=[CH1,$(C(-[Cl,Br,I]))]1"
BMS,oxaziridine,"C1~[O,S]~N1"
BMS,oxime,[$(C=N[O;D1]);!$(C=[N+])][#6][#6]
BMS,oxonium,"[o+,O+]"
BMS,para_hydroiminoquinone,a1[cH1]c([N;D1])[cH1]ac([N;D1])1
BMS,para_hydroquinone,"a1[cH1]c([O,S;D1])[cH1]ac([O,S;D1])1"
BMS,para_nitrophenyl_ester,"[#6]1(-O(-[C;!R](-[!N])(=[O,N;!R])))[#6][#6][#6]([$(N(=O)(=O)),$([N+](=O)[O-])])[#6][#6]1"
BMS,para_quinone,"[CH1,$(C(-[Cl,Br,I]))]1=[CH1,$(C(-[Cl,Br,I]))]C(=[O,N,S])[CH1,$(C(-[Cl,Br,I]))]=[CH1,$(C(-[Cl,Br,I]))]C1(=[O,N,S])"
BMS,paraquat_like,[#6]1[#6][#6]([#6]2[#6][#6][#7;+][#6][#6]2)[#6][#6][#7;+]1
BMS,pentafluorophenylester,C(=O)Oc1c(F)c(F)c(F)c(F)c1(F)
BMS,perchloro_cp,C1(Cl)(Cl)C(Cl)C(Cl)=C(Cl)C1(Cl)
BMS,perhalo_dicarbonyl_phenyl,"c1(C=O)c([Br,Cl,I])c([Br,Cl,I])c([Br,Cl,I])c([Br,Cl,I])c1(C=O)"
BMS,perhalo_phenyl,"c1c([Br,Cl,I])c([Br,Cl,I])c([Br,Cl,I])c([Br,Cl,I])c1([Br,Cl,I])"
BMS,peroxide,[#8]~[#8]
BMS,phenolate_bis_EWG,"O=[C,S]Oc1aaa([$(S(=O)(=O)),$(C(F)(F)(F)),$(C#N),$(N(=O)(=O)),$([N+](=O)[O-]),$(C(=O)O),$(C(=O)N)])aa([$(S(=O)(=O)),$(C(F)(F)(F)),$(C#N),$(N(=O)(=O)),$([N+](=O)[O-]),$(C(=O)O),$(C(=O)N)])1"
BMS,phos_serine_warhead,NC(COP(O)(O)=O)C(O)=O
BMS,phos_threonine_warhead,NC(C(C)OP(O)(O)=O)C(O)=O
BMS,phos_tyrosine_warhead,NC(Cc1ccc(OP(O)(O)=O)cc1)C(O)=O
BMS,phosphite,"[c,C]-[P;v3]"
BMS,phosphonium,[#15;+]~[!O]
BMS,phosphorane,C=P
BMS,phosphorous_nitrogen_bond,"[#15]~[N,n]"
BMS,phosphorus_phosphorus_bond,P~P
BMS,phosphorus_sulfur_bond,P~S
BMS,polyene,C=[C;!R][C;!R]=[C;!R][C;!R]=[C;!R]
BMS,polyhalo_phenol_a,"c1c([O;D1])c(-[Cl,Br,I])c(-[Cl,Br,I])cc1.c1c([O;D1])c(-[Cl,Br,I])c(-[Cl,Br,I])cc1"
BMS,polyhalo_phenol_b,"c1c([O;D1])c(-[Cl,Br,I])cc(-[Cl,Br,I])c1.c1c([O;D1])c(-[Cl,Br,I])cc(-[Cl,Br,I])c1"
BMS,polyhalo_phenol_c,"c1c([O;D1])ccc(-[Cl,Br,I])c(-[Cl,Br,I])1.c1c([O;D1])ccc(-[Cl,Br,I])c(-[Cl,Br,I])1"
BMS,polyhalo_phenol_d,"c(-[Cl,Br,I])1c([O;D1])c(-[Cl,Br,I])ccc1.c(-[Cl,Br,I])1c([O;D1])c(-[Cl,Br,I])ccc1"
BMS,polyhalo_phenol_e,"c1c([O;D1])ccc(-[Cl,Br,I])c(-[Cl,Br,I])1.c1c([O;D1])ccc(-[Cl,Br,I])c(-[Cl,Br,I])1"
BMS,polysulfide,[S;D2]-[S;D2]-[S;D2]
BMS,porphyrin,"[#6;r16,r17,r18]~[#6]1~[#6]~[#6]~[#6](~[#6])~[#7]1"
BMS,primary_halide_sulfate,"[CH2][Cl,Br,I,$(O(S(=O)(=O)[!$(N);!$([O&D1])]))]"
BMS,quat_N_N,"[N,n;R;+]!@[N,n]"
BMS,quat_N_acyl,"[N,n;+]!@C(=O)"
BMS,quinone_methide,"[#6;!$([#6](-[N,O,S]))]1=[#6;!$([#6](-[N,O,S]))][#6](=[#6])[#6;!$([#6](-[N,O,S]))]=[#6;!$([#6](-[N,O,S]))][#6]1(=[O,N,S])"
BMS,rhodanine,C(=C)1SC(=S)NC(=O)1
BMS,secondary_halide_sulfate,"[CH;!$(C=C)][Cl,Br,I,$(O(S(=O)(=O)[!$(N);!$([O&D1])]))]"
BMS,sulf_D2_nitrogen,[S;D2](-[N;!$(N(=C));!$(N(-S(=O)(=O)));!$(N(-C(=O)))])
BMS,sulf_D2_oxygen_D2,[S;D2][O;D2]
BMS,sulf_D3_nitrogen,"[S;D3](-N)(-[c,C])(-[c,C])"
BMS,sulfite_sulfate_ester,"[C,c]OS(=O)O[C,c]"
BMS,sulfonium,[S+;X3;$(S-C);!$(S-[O;D1])]
BMS,sulfonyl_anhydride,"[$(C(=O)),$(S(=O)(=O))][O,S](S(=O)(=O))"
BMS,sulfonyl_halide,"S(=O)(=O)[F,Cl,Br,I]"
BMS,sulfonyl_heteroatom,"[!#6;!#1;!#11;!#19]O(S(=O)(=O)(-[C,c]))"
BMS,sulphonyl_cyanide,S(=O)(=O)C#N
BMS,tertiary_halide_sulfate,"[C;X4](-[Cl,Br,I,$(O(S(=O)(=O)[!$(N);!$([O&D1])]))])(-[c,C])(-[c,C])(-[c,C])"
BMS,thio_hydroxamate,"[S;D2]([$(N(=C)),$(N(-S(=O)(=O))),$(N(-C(=O)))])"
BMS,thio_xanthate,[S;!R]-[C;!R](=[S;!R])(-[S;!R])
BMS,thiocarbonate,"SC(=O)[O,S]"
BMS,thioester,"[S;!R;H0]C(=[S,O;!R])([!O;!S;!N])"
BMS,thiol_warhead,NC(C[S;D1])C(O)=O
BMS,thiopyrylium,"c1[S,s;+]cccc1"
BMS,thiosulfoxide,"[C,c][S;X3](~O)-S"
BMS,triamide,"[$(N(-C(=O))(-C(=O))(-C(=O))),$(n([#6](=O))([#6](=O))([#6](=O)))]"
BMS,triaryl_phosphine_oxide,P(=O)(a)(a)(a)
BMS,trichloromethyl_ketone,[$(C(=O));!$(C-N);!$(C-O);!$(C-S)]C(Cl)(Cl)(Cl)
BMS,triflate,OS(=O)(=O)(C(F)(F)(F))
BMS,trifluoroacetate_ester,C(F)(F)(F)C(=O)O
BMS,trifluoroacetate_thioester,C(F)(F)(F)C(=O)S
BMS,trifluoromethyl_ketone,[$(C(=O));!$(C-N);!$(C-O);!$(C-S)]C(F)(F)(F)
BMS,trihalovinyl_heteroatom,"C(-[Cl,Br,I])(-[Cl,Br,I])=C(-[Cl,Br,I])(-[N,O,S])"
BMS,trinitro_aromatic,"[$(a1aaa([$(N(=O)(=O)),$([N+](=O)[O-])])a([$(N(=O)(=O)),$([N+](=O)[O-])])a1([$(N(=O)(=O)),$([N+](=O)[O-])])),$(a1aa([$(N(=O)(=O)),$([N+](=O)[O-])])a([$(N(=O)(=O)),$([N+](=O)[O-])])aa1([$(N(=O)(=O)),$([N+](=O)[O-])])),$(a1a([$(N(=O)(=O)),$([N+](=O)[O-])])aa([$(N(=O)(=O)),$([N+](=O)[O-])])aa1([$(N(=O)(=O)),$([N+](=O)[O-])]))]"
BMS,trinitromethane_derivative,"C([$([N+](=O)[O-]),$(N(=O)=O)])([$([N+](=O)[O-]),$(N(=O)=O)])([$([N+](=O)[O-]),$(N(=O)=O)])"
BMS,tris_activated_aryl_ester,"[$(O=[C,S]Oc1a([$(S(=O)(=O)),F,$(C(F)(F)(F)),$(C#N),$(N(=O)(=O)),$([N+](=O)[O-]),$(C(=O)O),$(C(=O)N)])a([$(S(=O)(=O)),F,$(C(F)(F)(F)),$(C#N),$(N(=O)(=O)),$([N+](=O)[O-]),$(C(=O)O),$(C(=O)N)])a([$(S(=O)(=O)),F,$(C(F)(F)(F)),$(C#N),$(N(=O)(=O)),$([N+](=O)[O-]),$(C(=O)O),$(C(=O)N)])aa1),$(O=[C,S]Oc1a([$(S(=O)(=O)),F,$(C(F)(F)(F)),$(C#N),$(N(=O)(=O)),$([N+](=O)[O-]),$(C(=O)O),$(C(=O)N)])a([$(S(=O)(=O)),F,$(C(F)(F)(F)),$(C#N),$(N(=O)(=O)),$([N+](=O)[O-]),$(C(=O)O),$(C(=O)N)])aaa([$(S(=O)(=O)),F,$(C(F)(F)(F)),$(C#N),$(N(=O)(=O)),$([N+](=O)[O-]),$(C(=O)O),$(C(=O)N)])1),$(O=[C,S]Oc1a([$(S(=O)(=O)),F,$(C(F)(F)(F)),$(C#N),$(N(=O)(=O)),$([N+](=O)[O-]),$(C(=O)O),$(C(=O)N)])aa([$(S(=O)(=O)),F,$(C(F)(F)(F)),$(C#N),$(N(=O)(=O)),$([N+](=O)[O-]),$(C(=O)O),$(C(=O)N)])a([$(S(=O)(=O)),F,$(C(F)(F)(F)),$(C#N),$(N(=O)(=O)),$([N+](=O)[O-]),$(C(=O)O),$(C(=O)N)])a1),$(O=[C,S]Oc1a([$(S(=O)(=O)),F,$(C(F)(F)(F)),$(C#N),$(N(=O)(=O)),$([N+](=O)[O-]),$(C(=O)O),$(C(=O)N)])aa([$(S(=O)(=O)),F,$(C(F)(F)(F)),$(C#N),$(N(=O)(=O)),$([N+](=O)[O-]),$(C(=O)O),$(C(=O)N)])aa([$(S(=O)(=O)),F,$(C(F)(F)(F)),$(C#N),$(N(=O)(=O)),$([N+](=O)[O-]),$(C(=O)O),$(C(=O)N)])1)]"
BMS,trisub_bis_act_olefin,"[CH;!R;!$(C-N)]=C([$(S(=O)(=O)),$(C(F)(F)(F)),$(C#N),$(N(=O)(=O)),$([N+](=O)[O-]),$(C(=O))])([$(S(=O)(=O)),$(C(F)(F)(F)),$(C#N),$(N(=O)(=O)),$([N+](=O)[O-]),$(C(=O))])"
BMS,vinyl_carbonyl_EWG,"[C;!R]([$(S(=O)(=O)),$(C(F)(F)(F)),$(C#N),$(N(=O)(=O)),$([N+](=O)[O-]),$(C=O)])([$(S(=O)(=O)),$(C(F)(F)(F)),$(C#N),$(N(=O)(=O)),$([N+](=O)[O-]),$(C=O)])=[C;!R]([C;!R](=O))([!$([#8]);!$([#7])])"
PAINS,ene_six_het_A(483),[#6]-1(-[#6](~[!#6&!#1]~[#6]-[!#6&!#1]-[#6]-1=[!#6&!#1])~[!#6&!#1])=[#6;!R]-[#1]
PAINS,hzone_phenol_A(479),c:1:c:c(:c(:c:c:1)-[#6]=[#7]-[#7])-[#8]-[#1]
PAINS,anil_di_alk_A(478),"[#6](-[#1])(-[#1])-[#7](-[#6](-[#1])-[#1])-c:1:c:c(:c(:[c;!H0,$(c-[#6](-[#1])-[#1]),$(c-[#8]-[#6](-[#1])(-[#1])-[#6](-[#1])-[#1])](:c:1))-[#7])-[#1]"
PAINS,indol_3yl_alk(461),"[n;!H0,$(n-[#6;!H0;!H1])]:1(c(c(c:2:c:1:c:c:c:c:2-[#1])-[#6;X4]-[#1])-[$([#6](-[#1])-[#1]),$([#6]=,:[!#6&!#1]),$([#6](-[#1])-[#7]),$([#6](-[#1])(-[#6](-[#1])-[#1])-[#6](-[#1])(-[#1])-[#7](-[#1])-[#6](-[#1])-[#1])])"
PAINS,quinone_A(370),"[!#6&!#1]=[#6]1[#6]=,:[#6][#6](=[!#6&!#1])[#6]=,:[#6]1"
PAINS,azo_A(324),[#7;!R]=[#7]
PAINS,imine_one_A(321),"[#6]-[#6](=[!#6&!#1;!R])-[#6](=[!#6&!#1;!R])-[$([#6]),$([#16](=[#8])=[#8])]"
PAINS,mannich_A(296),[#7]-[#6;X4]-c:1:c:c:c:c:c:1-[#8]-[#1]
PAINS,anil_di_alk_B(251),c:1:c:c(:c:c:c:1-[#7](-[#6;X4])-[#6;X4])-[#6]=[#6]
PAINS,anil_di_alk_C(246),"c:1:c:c(:c:c:c:1-[#8]-[#6;X4])-[#7;$([#7!H0]-[#6;X4]),$([#7](-[#6;X4])-[#6;X4])]"
PAINS,ene_rhod_A(235),[#7]-1-[#6](=[#16])-[#16]-[#6](=[#6])-[#6]-1=[#8]
PAINS,hzone_phenol_B(215),c:1(:c:c:c(:c:c:1)-[#6]=[#7]-[#7])-[#8]-[#1]
PAINS,ene_five_het_A(201),[#6]-1(=[#6])-[#6]=[#7]-[!#6&!#1]-[#6]-1=[#8]
PAINS,anil_di_alk_D(198),"c:1:c:c(:c:c:c:1-[#7](-[#6;X4])-[#6;X4])-[#6;X4]-[$([#8]-[#1]),$([#6]=[#6]-[#1]),$([#7](-[#6X4])-[#6;X4])]"
PAINS,imine_one_isatin(189),[#8]=[#6]-2-[#6](=!@[#7]-[#7])-c:1:c:c:c:c:c:1-[#7]-2
PAINS,anil_di_alk_E(186),"[#6](-[#1])-[#7](-[#6](-[#1])-[#1])-c:1:c(:c(:c(:[c;!H0,$(c-[#6](-[#1])-[#1])](:c:1-[#1]))-[#6&!H0;!H1,$([#6]-[#6;!H0])])-[#1])-[#1]"
PAINS,thiaz_ene_A(128),"[#6]-,:1(=,:[#6;!H0,$([#6]-[#6;!H0;!H1]),$([#6]-[#6]=[#8])]-,:[#16]-,:[#6](-,:[#7;!H0,$([#7]-[#6;!H0]),$([#7]-[#6]:[#6])]-,:1)=[#7;!R])-[$([#6](-[#1])-[#1]),$([#6]:[#6])]"
PAINS,pyrrole_A(118),n2(-[#6]:1:[!#1]:[#6]:[#6]:[#6]:[#6]:1)c(cc(c2-[#6;X4])-[#1])-[#6;X4]
PAINS,catechol_A(92),c:1:c:c(:c(:c:c:1)-[#8]-[#1])-[#8]-[#1]
PAINS,ene_five_het_B(90),[#6]-1(=[#6])-[#6](-[#7]=[#6]-[#16]-1)=[#8]
PAINS,imine_one_fives(89),[#6]-1=[!#1]-[!#6&!#1]-[#6](-[#6]-1=[!#6&!#1;!R])=[#8]
PAINS,ene_five_het_C(85),[#6]-1(-[#6](-[#6]=[#6]-[!#6&!#1]-1)=[#6])=[!#6&!#1]
PAINS,hzone_pipzn(79),[#6]-[#7]-1-[#6](-[#1])(-[#1])-[#6](-[#1])(-[#1])-[#7](-[#6](-[#1])(-[#1])-[#6]-1(-[#1])-[#1])-[#7]=[#6](-[#1])-[#6]:[!#1]
PAINS,keto_keto_beta_A(68),c:1-2:c(:c:c:c:c:1)-[#6](=[#8])-[#6;X4]-[#6]-2=[#8]
PAINS,hzone_pyrrol(64),n1(-[#6])c(c(-[#1])c(c1-[#6]=[#7]-[#7])-[#1])-[#1]
PAINS,ene_one_ene_A(57),[#6]=!@[#6](-[!#1])-@[#6](=!@[!#6&!#1])-@[#6](=!@[#6])-[!#1]
PAINS,cyano_ene_amine_A(56),[#6](-[#6]#[#7])(-[#6]#[#7])-[#6](-[#7](-[#1])-[#1])=[#6]-[#6]#[#7]
PAINS,ene_five_one_A(55),c:1-2:c(:c:c:c:c:1)-[#6](=[#8])-[#6](=[#6])-[#6]-2=[#8]
PAINS,cyano_pyridone_A(54),"[#6]-,:1(=,:[!#1]-,:[!#1]=,:[!#1]-,:[#7](-,:[#6]-,:1=[#16])-[#1])-[#6]#[#7]"
PAINS,anil_alk_ene(51),c:1:c:c-2:c(:c:c:1)-[#6]-3-[#6](-[#6]-[#7]-2)-[#6]-[#6]=[#6]-3
PAINS,amino_acridine_A(46),c:1:c:2:c(:c:c:c:1):n:c:3:c(:c:2-[#7]):c:c:c:c:3
PAINS,ene_five_het_D(46),[#6]-1(=[#6])-[#6](=[#8])-[#7]-[#7]-[#6]-1=[#8]
PAINS,thiophene_amino_Aa(45),[#7](-[#1])(-[#1])-c:1:c(:c(:c(:s:1)-[!#1])-[!#1])-[#6]=[#8]
PAINS,ene_five_het_E(44),[#7]-[#6]=!@[#6]-2-[#6](=[#8])-c:1:c:c:c:c:c:1-[!#6&!#1]-2
PAINS,sulfonamide_A(43),"c:1(:c(:c(:c(:c(:c:1-[#8]-[#1])-[F,Cl,Br,I])-[#1])-[F,Cl,Br,I])-[#1])-[#16](=[#8])(=[#8])-[#7]"
PAINS,thio_ketone(43),[#6]-[#6](=[#16])-[#6]
PAINS,sulfonamide_B(41),c:1:c:c(:c:c:c:1-[#8]-[#1])-[#7](-[#1])-[#16](=[#8])=[#8]
PAINS,anil_no_alk(40),"c:1(:c(:c(:c(:c(:c:1-[#1])-[#1])-[$([#8]),$([#7]),$([#6](-[#1])-[#1])])-[#1])-[#1])-[#7](-[#1])-[#1]"
PAINS,thiophene_amino_Ab(40),"[c;!H0,$(c-[#6](-[#1])-[#1]),$(c-[#6]:[#6])]:1:c(:c(:c(:s:1)-[#7](-[#1])-[#6](=[#8])-[#6])-[#6](=[#8])-[#8])-[$([#6]:1:[#6]:[#6]:[#6]:[#6]:[#6]:1),$([#6]:1:[#16]:[#6]:[#6]:[#6]:1)]"
PAINS,het_pyridiniums_A(39),"[#7+]:1(:[#6]:[#6]:[!#1]:c:2:c:1:c(:[c;!H0,$(c-[#7])]:c:c:2)-[#1])-[$([#6](-[#1])(-[#1])-[#1]),$([#8;X1]),$([#6](-[#1])(-[#1])-[#6](-[#1])=[#6](-[#1])-[#1]),$([#6](-[#1])(-[#1])-[#6](-[#1])(-[#1])-[#8]-[#1]),$([#6](-[#1])(-[#1])-[#6](=[#8])-[#6]),$([#6](-[#1])(-[#1])-[#6](=[#8])-[#7](-[#1])-[#6]:[#6]),$([#6](-[#1])(-[#1])-[#6](-[#1])(-[#1])-[#1])]"
PAINS,anthranil_one_A(38),"c:1:c:c:c:c(:c:1-[#7&!H0;!H1,!$([#7]-[#6]=[#8])])-[#6](-[#6]:[#6])=[#8]"
PAINS,cyano_imine_A(37),[#7](-[#1])-[#7]=[#6](-[#6]#[#7])-[#6]=[!#6&!#1;!R]
PAINS,diazox_sulfon_A(36),"[#7](-c:1:c:c:c:c:c:1)-[#16](=[#8])(=[#8])-[#6]:2:[#6]:[#6]:[#6]:[#6]:3:[#7]:[$([#8]),$([#16])]:[#7]:[#6]:2:3"
PAINS,hzone_anil_di_alk(35),"[#6](-[#1])(-[#1])-[#7](-[#6](-[#1])-[#1])-c:1:c(:c(:c(:c(:c:1-[#1])-[#1])-[#6](-[#1])=[#7]-[#7]-[$([#6](=[#8])-[#6](-[#1])(-[#1])-[#16]-[#6]:[#7]),$([#6](=[#8])-[#6](-[#1])(-[#1])-[!#1]:[!#1]:[#7]),$([#6](=[#8])-[#6]:[#6]-[#8]-[#1]),$([#6]:[#7]),$([#6](-[#1])(-[#1])-[#6](-[#1])-[#8]-[#1])])-[#1])-[#1]"
PAINS,rhod_sat_A(33),[#7]-1-[#6](=[#16])-[#16]-[#6;X4]-[#6]-1=[#8]
PAINS,hzone_enamin(30),"[#7](-[#1])-[#7]=[#6]-[#6;!H0,$(*(-[#6])-[#6])]=[#6](-[#6])-!@[$([#7]),$([#8]-[#1])]"
PAINS,pyrrole_B(29),n2(-[#6]:1:[!#1]:[#6]:[#6]:[#6]:[#6]:1)c(cc(c2-[#6]:[#6])-[#1])-[#6;X4]
PAINS,thiophene_hydroxy(28),s1ccc(c1)-[#8]-[#1]
PAINS,cyano_pyridone_B(27),"[#6]-,:1(=,:[#6](-,:[#6](=[#8])-,:[#7]-,:[#6](=,:[#7]-,:1)-,:[!#6&!#1])-[#6]#[#7])-[#6]"
PAINS,imine_one_sixes(27),[#6]-1(-[#6](=[#8])-[#7]-[#6](=[#8])-[#7]-[#6]-1=[#8])=[#7]
PAINS,dyes5A(27),"[#6](-[#1])(-[#1])-[#7]([#6]:[#6])~[#6][#6]=,:[#6]-[#6]~[#6][#7]"
PAINS,naphth_amino_A(25),"c:2:c:1:c:c:c:c-,:3:c:1:c(:c:c:2)-,:[#7]-,:[#6]=,:[#7]-,:3"
PAINS,naphth_amino_B(25),c:2:c:1:c:c:c:c-3:c:1:c(:c:c:2)-[#7](-[#6;X4]-[#7]-3-[#1])-[#1]
PAINS,ene_one_ester(24),[#6]-[#6](=[#8])-[#6](-[#1])=[#6](-[#7](-[#1])-[#6])-[#6](=[#8])-[#8]-[#6]
PAINS,thio_dibenzo(23),"[#16]=[#6]-1-[#6]=,:[#6]-[!#6&!#1]-[#6]=,:[#6]-1"
PAINS,cyano_cyano_A(23),"[#6](-[#6]#[#7])(-[#6]#[#7])-[#6](-[$([#6]#[#7]),$([#6]=[#7])])-[#6]#[#7]"
PAINS,hzone_acyl_naphthol(22),c:1:2:c(:c(:c(:c(:c:1:c(:c(:c(:c:2-[#1])-[#8]-[#1])-[#6](=[#8])-[#7](-[#1])-[#7]=[#6])-[#1])-[#1])-[#1])-[#1])-[#1]
PAINS,het_65_A(21),[#8]=[#6]-c2c1nc(-[#6](-[#1])-[#1])cc(-[#8]-[#1])n1nc2
PAINS,imidazole_A(19),n:1:c(:n(:c(:c:1-c:2:c:c:c:c:c:2)-c:3:c:c:c:c:c:3)-[#1])-[#6]:[!#1]
PAINS,ene_cyano_A(19),[#6](-[#6]#[#7])(-[#6]#[#7])=[#6]-c:1:c:c:c:c:c:1
PAINS,anthranil_acid_A(19),c:1(:c:c:c:c:c:1-[#7](-[#1])-[#7]=[#6])-[#6](=[#8])-[#8]-[#1]
PAINS,dyes3A(19),"[#7+]([#6]:[#6])=,:[#6]-[#6](-[#1])=[#6]-[#7](-[#6;X4])-[#6]"
PAINS,dhp_bis_amino_CN(19),[#7](-[#1])(-[#1])-[#6]-1=[#6](-[#6]#[#7])-[#6](-[#1])(-[#6]:[#6])-[#6](=[#6](-[#7](-[#1])-[#1])-[#16]-1)-[#6]#[#7]
PAINS,het_6_tetrazine(18),"[#7]~[#6]:1:[#7]:[#7]:[#6](:[$([#7]),$([#6]-[#1]),$([#6]-[#7]-[#1])]:[$([#7]),$([#6]-[#7])]:1)-[$([#7]-[#1]),$([#8]-[#6](-[#1])-[#1])]"
PAINS,ene_one_hal(17),"[#6]-[#6]=[#6](-[F,Cl,Br,I])-[#6](=[#8])-[#6]"
PAINS,cyano_imine_B(17),[#6](-[#6]#[#7])(-[#6]#[#7])=[#7]-[#7](-[#1])-c:1:c:c:c:c:c:1
PAINS,thiaz_ene_B(17),"[#6]-,:1(=,:[#6](-!@[#6](=[#8])-[#7]-[#6](-[#1])-[#1])-,:[#16]-,:[#6](-,:[#7]-,:1-,:[$([#6](-[#1])(-[#1])-[#6](-[#1])=[#6](-[#1])-[#1]),$([#6]:[#6])])=[#16])-,:[$([#7]-[#6](=[#8])-[#6]:[#6]),$([#7](-[#1])-[#1])]"
PAINS,ene_rhod_B(16),"[#16]-1-[#6](=[#8])-[#7]-[#6](=[#8])-[#6]-1=[#6](-[#1])-[$([#6]-[#35]),$([#6]:[#6](-[#1]):[#6](-[F,Cl,Br,I]):[#6]:[#6]-[F,Cl,Br,I]),$([#6]:[#6](-[#1]):[#6](-[#1]):[#6]-[#16]-[#6](-[#1])-[#1]),$([#6]:[#6]:[#6]:[#6]:[#6]:[#6]:[#6]:[#6]:[#6]:[#6]-[#8]-[#6](-[#1])-[#1]),$([#6]:1:[#6](-[#6](-[#1])-[#1]):[#7](-[#6](-[#1])-[#1]):[#6](-[#6](-[#1])-[#1]):[#6]:1)]"
PAINS,thio_carbonate_A(15),"[#8]-,:1-,:[#6](-,:[#16]-,:c:2:c-,:1:c:c:c(:c:2)-,:[$([#7]),$([#8])])=[$([#8]),$([#16])]"
PAINS,anil_di_alk_furan_A(15),[#7](-[#6](-[#1])-[#1])(-[#6](-[#1])-[#1])-c:1:c(:c(:c(:o:1)-[#6]=[#7]-[#7](-[#1])-[#6]=[!#6&!#1])-[#1])-[#1]
PAINS,ene_five_het_F(15),c:1(:c:c:c:c:c:1)-[#6](-[#1])=!@[#6]-3-[#6](=[#8])-c:2:c:c:c:c:c:2-[#16]-3
PAINS,anil_di_alk_F(14),"c:1:c:c(:c:c:c:1-[#6;X4]-c:2:c:c:c(:c:c:2)-[#7&H2,$([#7;!H0]-[#6;X4]),$([#7](-[#6X4])-[#6X4])])-[#7&H2,$([#7;!H0]-[#6;X4]),$([#7](-[#6X4])-[#6X4])]"
PAINS,hzone_anil(14),c:1(:c(:c(:c(:c(:c:1-[#1])-[#1])-[#7](-[#1])-[#1])-[#1])-[#1])-[#6]=[#7]-[#7]-[#1]
PAINS,het_5_pyrazole_OH(14),"c1(nn(c([c;!H0,$(c-[#6;!H0])]1)-[#8]-[#1])-c:2:c(:c(:c(:c(:c:2-[#1])-[#1])-[#1])-[#1])-[#1])-[#6;X4]"
PAINS,het_thio_666_A(13),"c:2(:c:1-[#16]-c:3:c(-[#7;!H0,$([#7]-[CH3]),$([#7]-[#6;!H0;!H1]-[#6;!H0])](-c:1:c(:c(:c:2-[#1])-[#1])-[#1])):[c;!H0,$(c~[#7](-[#1])-[#6;X4]),$(c(cc)(cc)~[#6]:[#6])](:[c;!H0,$(c(cc)(cc)~[#6]:[#6])]:[c;!H0,$(c-[#7](-[#1])-[#1]),$(c-[#8]-[#6;X4])]:c:3-[#1]))-[#1]"
PAINS,styrene_A(13),[#6]-2-[#6]-c:1:c(:c:c:c:c:1)-[#6](-c:3:c:c:c:c:c-2:3)=[#6]-[#6]
PAINS,ene_rhod_C(13),"[#16]-1-[#6](=[#7]-[#6]:[#6])-[#7;!H0,$([#7]-[#6](-[#1])(-[#1])-[#6](-[#1])(-[#1])-[#8]),$([#7]-[#6]:[#6])]-[#6](=[#8])-[#6]-1=[#6](-[#1])-[$([#6]:[#6]:[#6]-[#17]),$([#6]:[!#6&!#1])]"
PAINS,dhp_amino_CN_A(13),[#7](-[#1])(-[#1])-[#6]-1=[#6](-[#6]#[#7])-[#6](-[#1])(-[#6]:[#6])-[#6](=[#6](-[#6]=[#6])-[#8]-1)-[#6](-[#1])-[#1]
PAINS,cyano_imine_C(12),[#8]=[#16](=[#8])-[#6](-[#6]#[#7])=[#7]-[#7]-[#1]
PAINS,thio_urea_A(12),c:1:c:c:c:c:c:1-[#7](-[#1])-[#6](=[#16])-[#7](-[#1])-[#6](-[#1])(-[#1])-[#6](-[#1])(-[#1])-[#6](-[#1])(-[#1])-[#7](-[#6](-[#1])-[#1])-c:2:c:c:c:c:c:2
PAINS,thiophene_amino_B(12),"c:1:c(:c:c:c:c:1)-[#7](-[#1])-c:2:c(:c(:c(:s:2)-[$([#6]=[#8]),$([#6]#[#7]),$([#6](-[#8]-[#1])=[#6])])-[#7])-[$([#6]#[#7]),$([#6](:[#7]):[#7])]"
PAINS,keto_keto_beta_B(12),[#6;X4]-1-[#6](=[#8])-[#7]-[#7]-[#6]-1=[#8]
PAINS,keto_phenone_A(11),c:1:c-3:c(:c:c:c:1)-[#6]:2:[#7]:[!#1]:[#6]:[#6]:[#6]:2-[#6]-3=[#8]
PAINS,cyano_pyridone_C(11),[#6]-1(-[#6](=[#6](-[#6]#[#7])-[#6](~[#8])~[#7]~[#6]-1~[#8])-[#6](-[#1])-[#1])=[#6](-[#1])-[#6]:[#6]
PAINS,thiaz_ene_C(11),"[#6]-,:1(=,:[#6](-!@[#6]=[#7])-,:[#16]-,:[#6](-,:[#7]-,:1)=[#8])-[$([F,Cl,Br,I]),$([#7+](:[#6]):[#6])]"
PAINS,hzone_thiophene_A(11),"c:1:2:c(:c(:c(:c(:c:1-[#1])-[#1])-[#1])-[#1]):[!#6&!#1]:[#6;!H0,$([#6]-[OH]),$([#6]-[#6;H2,H3])](:[#6]:2-[#6](-[#1])=[#7]-[#7](-[#1])-[$([#6]:1:[#7]:[#6]:[#6](-[#1]):[#16]:1),$([#6]:[#6](-[#1]):[#6]-[#1]),$([#6]:[#7]:[#6]:[#7]:[#6]:[#7]),$([#6]:[#7]:[#7]:[#7]:[#7])])"
PAINS,ene_quin_methide(10),"[!#1]:[!#1]-[#6;!H0,$([#6]-[#6]#[#7])]=[#6]-1-[#6]=,:[#6]-[#6](=[$([#8]),$([#7;!R])])-[#6]=,:[#6]-1"
PAINS,het_thio_676_A(10),"c:1:c:c-2:c(:c:c:1)-[#6]-[#6](-c:3:c(-[#16]-2):c(:c(-[#1]):[c;!H0,$(c-[#8]),$(c-[#16;X2]),$(c-[#6;X4]),$(c-[#7;H2,H3,$([#7!H0]-[#6;X4]),$([#7](-[#6;X4])-[#6;X4])])](:c:3-[#1]))-[#1])-[#7;H2,H3,$([#7;!H0](-[#6])-[#6;X4]),$([#7](-[#6])(-[#6;X4])-[#6;X4])]"
PAINS,ene_five_het_G(10),"[#6]-1(=[#8])-[#6](=[#6](-[#1])-[$([#6]:1:[#6]:[#6]:[#6]:[#6]:[#6]:1),$([#6]:1:[#6]:[#6]:[#6]:[!#6&!#1]:1)])-[#7]=[#6](-[!#1]:[!#1]:[!#1])-[$([#16]),$([#7]-[!#1]:[!#1])]-1"
PAINS,acyl_het_A(9),[#7+](:[!#1]:[!#1]:[!#1])-[!#1]=[#8]
PAINS,anil_di_alk_G(9),"[#6;X4]-[#7](-[#6;X4])-c:1:c(:c(:c(:c(:c:1-[#1])-[#1])-[#6]2=,:[#7][#6]:[#6]:[!#1]2)-[#1])-[#1]"
PAINS,dhp_keto_A(9),"[#7;!H0,$([#7]-[#6;X4])]-1-[#6]=,:[#6](-[#6](=[#8])-[#6]:[#6]:[#6])-[#6](-[#6])-[#6](=[#6]-1-[#6](-[#1])(-[#1])-[#1])-[$([#6]=[#8]),$([#6]#[#7])]"
PAINS,thio_urea_B(9),c:1:c:c:c:c:c:1-[#7](-[#1])-[#6](=[#16])-[#7](-[#1])-[#6](-[#1])(-[#1])-[#6](-[#1])(-[#1])-[#7](-[#6](-[#1])-[#1])-c:2:c:c:c:c:c:2
PAINS,anil_alk_bim(9),c:1:3:c(:c(:c(:c(:c:1-[#1])-[#1])-[#7](-[#1])-[#6](-[#1])(-[#1])-c:2:c:c:c:c:c:2)-[#1]):n:c(-[#1]):n:3-[#6]
PAINS,imine_imine_A(9),c:1:c:c-2:c(:c:c:1)-[#7]=[#6]-[#6]-2=[#7;!R]
PAINS,thio_urea_C(9),"c:1(:c:c:c:c:c:1)-[#7](-[#1])-[#6](=[#16])-[#7]-[#7](-[#1])-[#6](=[#8])-[#6]-,:2:[!#1]:[!#6&!#1]:[#6]:[#6]-,:2"
PAINS,imine_one_fives_B(9),[#7;!R]=[#6]-2-[#6](=[#8])-c:1:c:c:c:c:c:1-[#16]-2
PAINS,dhp_amino_CN_B(9),"[$([#7](-[#1])-[#1]),$([#8]-[#1])]-[#6]-2=[#6](-[#6]#[#7])-[#6](-[#1])(-[#6]:[#6])-c:1:c(:n(-[#6]):n:c:1)-[#8]-2"
PAINS,anil_OC_no_alk_A(8),[#7](-[#1])(-[#1])-c:1:c(:c(:c(:n:c:1-[#1])-[#8]-c:2:c:c:c:c:c:2)-[#1])-[#1]
PAINS,het_thio_66_one(8),[#6](=[#8])-[#6]-1=[#6]-[#7]-c:2:c(-[#16]-1):c:c:c:c:2
PAINS,styrene_B(8),"c:1:c:c-2:c(:c:c:1)-[#6](-c:3:c(-[$([#16;X2]),$([#6;X4])]-2):c:c:[c;!H0,$(c-[#17]),$(c-[#6;X4])](:c:3))=[#6]-[#6]"
PAINS,het_thio_5_A(8),[#6](-[#1])(-[#1])-[#16;X2]-c:1:n:c(:c(:n:1-!@[#6](-[#1])-[#1])-c:2:c:c:c:c:c:2)-[#1]
PAINS,anil_di_alk_ene_A(8),[#6](-[#1])(-[#1])-[#7](-[#6](-[#1])-[#1])-[#6]-2=[#6](-[#1])-c:1:c(:c:c:c:c:1)-[#16;X2]-c:3:c-2:c:c:c:c:3
PAINS,ene_rhod_D(8),"[#16]-1-[#6](=!@[#7;!H0,$([#7]-[#7](-[#1])-[#6]:[#6])])-[#7;!H0,$([#7]-[#6]:[#7]:[#6]:[#6]:[#16])]-[#6](=[#8])-[#6]-1=[#6](-[#1])-[#6]:[#6]-[$([#17]),$([#8]-[#6]-[#1])]"
PAINS,ene_rhod_E(8),[#16]-1-[#6](=[#8])-[#7]-[#6](=[#16])-[#6]-1=[#6](-[#1])-[#6]:[#6]
PAINS,anil_OH_alk_A(8),c:1:c(:c:c:c:c:1)-[#6](-[#1])(-[#1])-[#7](-[#1])-c:2:c(:c(:c(:c(:c:2-[#1])-[#1])-[#8]-[#1])-[#1])-[#1]
PAINS,pyrrole_C(8),n1(-[#6;X4])c(c(-[#1])c(c1-[#6]:[#6])-[#1])-[#6](-[#1])-[#1]
PAINS,thio_urea_D(8),c:1(:c:c:c:c:c:1)-[#7](-[#1])-[#6](=[#16])-[#7]-[#7](-[#1])-c:2:c:c:c:c:c:2
PAINS,thiaz_ene_D(8),[#7](-c:1:c:c:c:c:c:1)-c2[n+]c(cs2)-c:3:c:c:c:c:c:3
PAINS,ene_rhod_F(8),n:1:c:c:c(:c:1-[#6](-[#1])-[#1])-[#6](-[#1])=[#6]-2-[#6](=[#8])-[#7]-[#6](=[!#6&!#1])-[#7]-2
PAINS,thiaz_ene_E(8),"[#6]-,:1(=,:[#6](-[#6](-[#1])(-[#6])-[#6])-,:[#16]-,:[#6](-,:[#7;!H0,$([#7]-[#6;!H0;!H1])]-,:1)=[#8])-[#16]-[#6;R]"
PAINS,het_65_B(7),"[!#1]:,-1:[!#1]-,:2:[!#1](:[!#1]:[!#1]:[!#1]:,-1)-,:[#7](-[#1])-,:[#7](-,:[#6]-,:2=[#8])-[#6]"
PAINS,keto_keto_beta_C(7),c:1:c:c-2:c(:c:c:1)-[#6](=[#6](-[#6]-2=[#8])-[#6])-[#8]-[#1]
PAINS,het_66_A(7),c:2:c:c:1:n:n:c(:n:c:1:c:c:2)-[#6](-[#1])(-[#1])-[#6]=[#8]
PAINS,thio_urea_E(7),c:1:c:c:c:c:c:1-[#7](-[#1])-[#6](=[#16])-[#7](-[#1])-[#6](-[#1])(-[#1])-c:2:n:c:c:c:c:2
PAINS,thiophene_amino_C(7),"[#6](-[#1])-[#6](-[#1])(-[#1])-c:1:c(:c(:c(:s:1)-[#7](-[#1])-[#6](=[#8])-[#6]-[#6]-[#6]=[#8])-[$([#6](=[#8])-[#8]),$([#6]#[#7])])-[#6](-[#1])-[#1]"
PAINS,hzone_phenone(7),"[#6](-c:1:c(:c(:[c;!H0,$(c-[#6;X4])]:c:c:1-[#1])-[#1])-[#1])(-c:2:c(:c(:[c;!H0,$(c-[#17])](:c(:c:2-[#1])-[#1]))-[#1])-[#1])=[$([#7]-[#8]-[#6](-[#1])(-[#1])-[#6](-[#1])(-[#1])-[#6](-[#1])(-[#1])-[#7](-[#6](-[#1])-[#1])-[#6](-[#1])-[#1]),$([#7]-[#8]-[#6](-[#1])(-[#1])-[#6](-[#1])(-[#1])-[#7](-[#6](-[#1])-[#1])-[#6](-[#1])-[#1]),$([#7]-[#7](-[#1])-[#6](=[#7]-[#1])-[#7](-[#1])-[#1]),$([#6](-[#1])-[#7])]"
PAINS,ene_rhod_G(7),[#8](-[#1])-[#6](=[#8])-c:1:c:c(:c:c:c:1)-[#6]:[!#1]:[#6]-[#6](-[#1])=[#6]-2-[#6](=[!#6&!#1])-[#7]-[#6](=[!#6&!#1])-[!#6&!#1]-2
PAINS,ene_cyano_B(7),[#6]-1(=[#6]-[#6](-c:2:c:c(:c(:n:c-1:2)-[#7](-[#1])-[#1])-[#6]#[#7])=[#6])-[#6]#[#7]
PAINS,dhp_amino_CN_C(7),[#7](-[#1])(-[#1])-[#6]-1=[#6](-[#6]#[#7])-[#6](-[#1])(-[#6]:[#6])-[#6](=[#6](-[#6]:[#6])-[#8]-1)-[#6]#[#7]
PAINS,het_5_A(7),[#7]-2(-c:1:c:c:c:c:c:1)-[#7]=[#6](-[#6]=[#8])-[#6;X4]-[#6]-2=[#8]
PAINS,ene_five_het_H(6),[#7]-1=[#6]-[#6](-[#6](-[#7]-1)=[#16])=[#6]
PAINS,thio_amide_A(6),c1(coc(c1-[#1])-[#6](=[#16])-[#7]-2-[#6](-[#1])(-[#1])-[#6](-[#1])(-[#1])-[!#1]-[#6](-[#1])(-[#1])-[#6]-2(-[#1])-[#1])-[#1]
PAINS,ene_cyano_C(6),[#6]=[#6](-[#6]#[#7])-[#6](=[#7]-[#1])-[#7]-[#7]
PAINS,hzone_furan_A(6),"c:1(:c(:c(:[c;!H0,$(c-[#6;!H0;!H1])](:o:1))-[#1])-[#1])-[#6;!H0,$([#6]-[#6;!H0;!H1])]=[#7]-[#7](-[#1])-c:2:n:c:c:s:2"
PAINS,anil_di_alk_H(6),c:1(:c(:c(:c(:c(:c:1-[#7](-[#1])-[#16](=[#8])(=[#8])-[#6]:2:[#6]:[!#1]:[#6]:[#6]:[#6]:2)-[#1])-[#7](-[#6](-[#1])-[#1])-[#6](-[#1])-[#1])-[#1])-[#1])-[#1]
PAINS,het_65_C(6),"n2c1ccccn1c(c2-[$([#6](-[!#1])=[#6](-[#1])-[#6]:[#6]),$([#6]:[#8]:[#6])])-[#7]-[#6]:[#6]"
PAINS,thio_urea_F(6),[#6]-1-[#7](-[#1])-[#7](-[#1])-[#6](=[#16])-[#7]-[#7]-1-[#1]
PAINS,ene_five_het_I(6),c:1(:c:c:c:o:1)-[#6](-[#1])=!@[#6]-3-[#6](=[#8])-c:2:c:c:c:c:c:2-[!#6&!#1]-3
PAINS,keto_keto_gamma(5),[#8]=[#6]-1-[#6;X4]-[#6]-[#6](=[#8])-c:2:c:c:c:c:c-1:2
PAINS,quinone_B(5),c:1:c:c-2:c(:c:c:1)-[#6](-c3cccc4noc-2c34)=[#8]
PAINS,het_6_pyridone_OH(5),[#8](-[#1])-c:1:n:c(:c:c:c:1)-[#8]-[#1]
PAINS,hzone_naphth_A(5),"c:1:2:c(:c(:c(:c(:c:1:c(:c(:c(:c:2-[#1])-[#1])-[#6]=[#7]-[#7](-[#1])-[$([#6]:[#6]),$([#6]=[#16])])-[#1])-[#1])-[#1])-[#1])-[#1]"
PAINS,thio_ester_A(5),"[#6]-,:1=,:[#6](-,:[#16]-,:[#6](-,:[#6]=,:[#6]-,:1)=[#16])-,:[#7]"
PAINS,ene_misc_A(5),[#6]-1=[#6]-[#6](-[#8]-[#6]-1-[#8])(-[#8])-[#6]
PAINS,cyano_pyridone_D(5),"[#8]=[#6]-,:1-,:[#6](=,:[#6]-,:[#6](=,:[#7]-,:[#7]-,:1)-,:[#6]=[#8])-[#6]#[#7]"
PAINS,het_65_Db(5),c3cn1c(nc(c1-[#7]-[#6])-c:2:c:c:c:c:n:2)cc3
PAINS,het_666_A(5),[#7]-2-c:1:c:c:c:c:c:1-[#6](=[#7])-c:3:c-2:c:c:c:c:3
PAINS,diazox_sulfon_B(5),c:1:c(:c:c:c:c:1)-[#7]-2-[#6](-[#1])-[#6](-[#1])-[#7](-[#6](-[#1])-[#6]-2-[#1])-[#16](=[#8])(=[#8])-c:3:c:c:c:c:4:n:s:n:c:3:4
PAINS,anil_NH_alk_A(5),"c:1(:c(:c-,:2:c(:c(:c:1-[#1])-[#1])-,:[#7](-,:[#6](-,:[#7]-,:2-[#1])=[#8])-[#1])-[#1])-[#7](-[#1])-[#6](-[#1])-[#1]"
PAINS,sulfonamide_C(5),c:1(:c(:c-3:c(:c(:c:1-[#7](-[#1])-[#16](=[#8])(=[#8])-c:2:c:c:c(:c:c:2)-[!#6&!#1])-[#1])-[#8]-[#6](-[#8]-3)(-[#1])-[#1])-[#1])-[#1]
PAINS,het_thio_N_55(5),[#6](-[#1])-[#6]:2:[#7]:[#7](-c:1:c:c:c:c:c:1):[#16]:3:[!#6&!#1]:[!#1]:[#6]:[#6]:2:3
PAINS,keto_keto_beta_D(5),[#8]=[#6]-[#6]=[#6](-[#1])-[#8]-[#1]
PAINS,ene_rhod_H(5),"[#7]-,:1-,:2-,:[#6](=,:[#7]-,:[#6](=[#8])-,:[#6](=,:[#7]-,:1)-[#6](-[#1])-[#1])-,:[#16]-,:[#6](=[#6](-[#1])-[#6]:[#6])-,:[#6]-,:2=[#8]"
PAINS,imine_ene_A(5),[#6]:[#6]-[#6](-[#1])=[#6](-[#1])-[#6](-[#1])=[#7]-[#7](-[#6;X4])-[#6;X4]
PAINS,het_thio_656a(5),c:1:3:c(:c:c:c:c:1):c:2:n:n:c(-[#16]-[#6](-[#1])(-[#1])-[#6]=[#8]):n:c:2:n:3-[#6](-[#1])(-[#1])-[#6](-[#1])=[#6](-[#1])-[#1]
PAINS,pyrrole_D(5),n1(-[#6])c(c(-[#1])c(c1-[#6](-[#1])(-[#1])-[#7](-[#1])-[#6](=[#16])-[#7]-[#1])-[#1])-[#1]
PAINS,pyrrole_E(5),n2(-[#6]:1:[!#1]:[!#6&!#1]:[!#1]:[#6]:1-[#1])c(c(-[#1])c(c2-[#6;X4])-[#1])-[#6;X4]
PAINS,thio_urea_G(5),c:1(:c:c:c:c:c:1)-[#7](-[#1])-[#6](=[#16])-[#7]-[#7](-[#1])-[#6]([#7;R])[#7;R]
PAINS,anisol_A(5),"c:1(:c(:c(:c(:c(:[c;!H0,$(c-[#6](-[#1])-[#1])]:1)-[#1])-[#8]-[#6](-[#1])-[#1])-[#6](-[#1])(-[#1])-[$([#7](-[#1])-[#6](=[#8])-[#6](-[#1])(-[#1])-[#6](-[#1])(-[#1])-[#6](-[#1])-[#1]),$([#6](-[#1])(-[#6](-[#1])-[#1])-[#7](-[#1])-[#6](=[#16])-[#7]-[#1])])-[#1])-[#8]-[#6](-[#1])-[#1]"
PAINS,pyrrole_F(5),n2(-[#6]:1:[#6](-[#6]#[#7]):[#6]:[#6]:[!#6&!#1]:1)c(c(-[#1])c(c2)-[#1])-[#1]
PAINS,dhp_amino_CN_D(5),[#7](-[#1])(-[#1])-[#6]-2=[#6](-[#6]#[#7])-[#6](-[#1])(-[#6]:[#6])-c:1:c(:c:c:s:1)-[#8]-2
PAINS,thiazole_amine_A(4),[#7](-[#1])-c:1:n:c(:c:s:1)-c:2:c:n:c(-[#7](-[#1])-[#1]):s:2
PAINS,het_6_imidate_A(4),"[#7]=[#6]-,:1-,:[#7](-[#1])-,:[#6](=,:[#6](-[#7]-[#1])-,:[#7]=,:[#7]-,:1)-[#7]-[#1]"
PAINS,anil_OC_no_alk_B(4),c:1:c(:c:2:c(:c:c:1):c:c:c:c:2)-[#8]-c:3:c(:c(:c(:c(:c:3-[#1])-[#1])-[#7]-[#1])-[#1])-[#1]
PAINS,styrene_C(4),c:1:c:c-2:c(:c:c:1)-[#6]-[#16]-c3c(-[#6]-2=[#6])ccs3
PAINS,azulene(4),c:2:c:c:c:1:c(:c:c:c:1):c:c:2
PAINS,furan_acid_A(4),c:1(:c(:c(:c(:o:1)-[#6](-[#1])-[#1])-[#6](-[#1])(-[#1])-[#8]-[#6]:[#6])-[#1])-[#6](=[#8])-[#8]-[#1]
PAINS,cyano_pyridone_E(4),"[!#1]:[#6]-[#6]-,:1=,:[#6](-[#1])-,:[#6](=,:[#6](-[#6]#[#7])-,:[#6](=[#8])-,:[#7]-,:1-[#1])-[#6]:[#8]"
PAINS,anil_alk_thio(4),[#6]-1-3=[#6](-[#6](-[#7]-c:2:c:c:c:c:c-1:2)(-[#6])-[#6])-[#16]-[#16]-[#6]-3=[!#1]
PAINS,anil_di_alk_I(4),c:1(:c(:c(:c(:c(:c:1-[#7](-[#1])-[#6](=[#8])-c:2:c:c:c:c:c:2)-[#1])-[#7](-[#6](-[#1])-[#1])-[#6](-[#1])-[#1])-[#1])-[#1])-[#1]
PAINS,het_thio_6_furan(4),[#6](-[#1])(-[#1])-[#16;X2]-c:1:n:n:c(:c(:n:1)-c:2:c(:c(:c(:o:2)-[#1])-[#1])-[#1])-c:3:c(:c(:c(:o:3)-[#1])-[#1])-[#1]
PAINS,anil_di_alk_ene_B(4),[#6](-[#1])(-[#1])-[#7](-[#6](-[#1])-[#1])-[#6]-2=[#6]-c:1:c(:c:c:c:c:1)-[#6]-2(-[#1])-[#1]
PAINS,imine_one_B(4),"[#7](-[#1])(-c:1:c:c:c:c:c:1)-[#7]=[#6](-[#6](=[#8])-[#6](-[#1])-[#1])-[#7](-[#1])-[$([#7]-[#1]),$([#6]:[#6])]"
PAINS,anil_OC_alk_A(4),c:1:2:c(:c(:c(:c(:c:1-[#1])-[#1])-[#1])-[#1]):o:c:3:c(-[#1]):c(:c(-[#8]-[#6](-[#1])-[#1]):c(:c:2:3)-[#1])-[#7](-[#1])-[#6](-[#1])-[#1]
PAINS,ene_five_het_J(4),"[#16]=[#6]-,:1-,:[#7](-[#1])-,:[#6]=,:[#6]-,:[#6]-2=,:[#6]-,:1-[#6](=[#8])-[#8]-[#6]-2=[#6]-[#1]"
PAINS,pyrrole_G(4),"n2(-c:1:c(:c:c(:c(:c:1)-[#1])-[$([#7](-[#1])-[#1]),$([#6]:[#7])])-[#1])c(c(-[#1])c(c2-[#1])-[#1])-[#1]"
PAINS,ene_five_het_K(4),"n1(-[#6])c(c(-[#1])c(c1-[#6](-[#1])=[#6]-2-[#6](=[#8])-[!#6&!#1]-[#6]=,:[!#1]-2)-[#1])-[#1]"
PAINS,cyano_ene_amine_B(4),[#6]=[#6]-[#6](-[#6]#[#7])(-[#6]#[#7])-[#6](-[#6]#[#7])=[#6]-[#7](-[#1])-[#1]
PAINS,thio_ester_B(4),"[#6]:[#6]-[#6](=[#16;X1])-[#16;X2]-[#6](-[#1])-[$([#6](-[#1])-[#1]),$([#6]:[#6])]"
PAINS,ene_five_het_L(4),[#8]=[#6]-3-[#6](=!@[#6](-[#1])-c:1:c:n:c:c:1)-c:2:c:c:c:c:c:2-[#7]-3
PAINS,hzone_thiophene_B(4),"c:1(:[c;!H0,$(c-[#6;!H0;!H1])](:c(:c(:s:1)-[#1])-[#1]))-[#6](-[#1])=[#7]-[#7](-[#1])-c:2:c:c:c:c:c:2"
PAINS,dhp_amino_CN_E(4),[#6](-[#1])(-[#1])-[#16;X2]-[#6]-1=[#6](-[#6]#[#7])-[#6](-[#1])(-[#6]:[#6])-[#6](-[#6]#[#7])-[#6](=[#8])-[#7]-1
PAINS,het_5_B(4),[#7]-2(-c:1:c:c:c:c:c:1)-[#7]=[#6](-[#7](-[#1])-[#6]=[#8])-[#6](-[#1])(-[#1])-[#6]-2=[#8]
PAINS,imine_imine_B(3),[#6]:[#6]-[#6](-[#1])=[#6](-[#1])-[#6](-[#1])=[#7]-[#7]=[#6]
PAINS,thiazole_amine_B(3),c:1(:c:c:c(:c:c:1)-[#6](-[#1])-[#1])-c:2:c(:s:c(:n:2)-[#7](-[#1])-[#1])-[#6](-[#1])(-[#1])-[#1]
PAINS,imine_ene_one_A(3),[#6]-2(-[#6]=[#7]-c:1:c:c:c:c:c:1-[#7]-2)=[#6](-[#1])-[#6]=[#8]
PAINS,diazox_A(3),[#8](-c:1:c:c:c:c:c:1)-c:3:c:c:2:n:o:n:c:2:c:c:3
PAINS,ene_one_A(3),[!#1]:1:[!#1]:[!#1]:[!#1](:[!#1]:[!#1]:1)-[#6](-[#1])=[#6](-[#1])-[#6](-[#7]-c:2:c:c:c:3:c(:c:2):c:c:c(:n:3)-[#7](-[#6])-[#6])=[#8]
PAINS,anil_OC_no_alk_C(3),[#7](-[#1])(-[#1])-c:1:c(:c:c:c:n:1)-[#8]-[#6](-[#1])(-[#1])-[#6]:[#6]
PAINS,thiazol_SC_A(3),[#6]-[#16;X2]-c:1:n:c(:c:s:1)-[#1]
PAINS,het_666_B(3),c:1:c-3:c(:c:c:c:1)-[#7](-c:2:c:c:c:c:c:2-[#8]-3)-[#6](-[#1])(-[#1])-[#6](-[#1])-[#1]
PAINS,furan_A(3),c:1(:c(:c(:c(:o:1)-[#6](-[#1])-[#1])-[#1])-[#1])-[#6](-[#1])(-[#8]-[#1])-[#6]#[#6]-[#6;X4]
PAINS,colchicine_A(3),[#6]-1(-[#6](=[#6]-[#6]=[#6]-[#6]=[#6]-1)-[#7]-[#1])=[#7]-[#6]
PAINS,thiophene_C(3),"[#6](-[#1])(-[#1])-[#7](-[#6](-[#1])-[#1])-[#6](-[#1])=[#6]-[#6](=[#8])-c:1:c(-[#16;X2]):s:c(:c:1)-[$([#6]#[#7]),$([#6]=[#8])]"
PAINS,anil_OC_alk_B(3),"c:1:c(:c:c:c:c:1)-[#7]-2-[#6](=[#8])-[#6](=[#6](-[F,Cl,Br,I])-[#6]-2=[#8])-[#7](-[#1])-[#6]:3:[#6]:[#6]:[#6](-[#8]-[#6](-[#1])-[#1]):[#6]:[#6]:3"
PAINS,het_thio_66_A(3),c:1-2:c(:c:c:c:c:1)-[#6](-[#1])(-[#1])-[#6](-[#1])(-[#1])-[#7]=[#6]-2-[#16;X2]-[#6](-[#1])(-[#1])-[#6](=[#8])-c:3:c:c:c:c:c:3
PAINS,rhod_sat_B(3),[#7]-2(-c:1:c:c:c:c:c:1-[#6](-[#1])-[#1])-[#6](=[#16])-[#7](-[#6](-[#1])(-[#1])-[!#1]:[!#1]:[!#1]:[!#1]:[!#1])-[#6](-[#1])(-[#1])-[#6]-2=[#8]
PAINS,ene_rhod_I(3),[#7]-2(-[#6](-[#1])-[#1])-[#6](=[#16])-[#7](-[#1])-[#6](=[#6](-[#1])-c:1:c:c:c:c(:c:1)-[Br])-[#6]-2=[#8]
PAINS,keto_thiophene(3),c:1(:c(:c:2:c(:s:1):c:c:c:c:2)-[#6](-[#1])-[#1])-[#6](=[#8])-[#6](-[#1])(-[#1])-[#6](-[#1])-[#1]
PAINS,imine_imine_C(3),[#7](-[#6](-[#1])-[#1])(-[#6](-[#1])-[#1])-[#6](-[#1])=[#7]-[#6](-[#6](-[#1])-[#1])=[#7]-[#7](-[#6](-[#1])-[#1])-[#6]:[#6]
PAINS,het_65_pyridone_A(3),"[#6]:2(:[#6](-[#6](-[#1])-[#1]):[#6]-,:1:[#6](-,:[#7]=,:[#6;!H0,$([#6]-[#16]-[#6](-[#1])-[#1])](-,:[#7](-,:[#6]-,:1=[!#6&!#1;X1])-[#6](-[#1])-[$([#6](=[#8])-[#8]),$([#6]:[#6])])):[!#6&!#1;X2]:2)-[#6](-[#1])(-[#1])-[#6](-[#1])-[#1]"
PAINS,thiazole_amine_C(3),"c:1(:n:c(:c(-[#1]):s:1)-[!#1]:[!#1]:[!#1](-[$([#8]-[#6](-[#1])-[#1]),$([#6](-[#1])-[#1])]):[!#1]:[!#1])-[#7](-[#1])-[#6](-[#1])(-[#1])-c:2:c(-[#1]):c(:c(-[#1]):o:2)-[#1]"
PAINS,het_thio_pyr_A(3),n:1:c(:c(:c(:c(:c:1-[#16]-[#6]-[#1])-[#6]#[#7])-c:2:c:c:c(:c:c:2)-[#8]-[#6](-[#1])-[#1])-[#1])-[#6]:[#6]
PAINS,melamine_A(3),"c:1:4:c(:n:c(:n:c:1-[#7](-[#1])-[#6](-[#1])(-[#1])-c:2:c(:c(:c(:o:2)-[#1])-[#1])-[#1])-[#7](-[#1])-c:3:c:[c;!H0,$(c-[#6](-[#1])-[#1]),$(c-[#16;X2]),$(c-[#8]-[#6]-[#1]),$(c-[#7;X3])](:[c;!H0,$(c-[#6](-[#1])-[#1]),$(c-[#16;X2]),$(c-[#8]-[#6]-[#1]),$(c-[#7;X3])](:c:[c;!H0,$(c-[#6](-[#1])-[#1]),$(c-[#16;X2]),$(c-[#8]-[#6]-[#1]),$(c-[#7;X3])]:3))):c:c:c:c:4"
PAINS,anil_NH_alk_B(3),[#7](-[#1])(-[#6]:1:[#6]:[#6]:[!#1]:[#6]:[#6]:1)-c:2:c:c:c(:c:c:2)-[#7](-[#1])-[#6]-[#1]
PAINS,rhod_sat_C(3),[#7]-2(-c:1:c:c:c:c:c:1)-[#6](=[#7]-[#6]=[#8])-[#16]-[#6](-[#1])(-[#1])-[#6]-2=[#8]
PAINS,thiophene_amino_D(3),[#6]=[#6]-[#6](=[#8])-[#7]-c:1:c(:c(:c(:s:1)-[#6](=[#8])-[#8])-[#6]-[#1])-[#6]#[#7]
PAINS,anil_OC_alk_C(3),"[#8;!H0,$([#8]-[#6](-[#1])-[#1])]-c:1:c(:c(:c(:c(:c:1-[#1])-[#1])-[#1])-[#1])-[#7](-[#1])-[#6](-[#1])(-[#1])-c:2:n:c:c:n:2"
PAINS,het_thio_65_A(3),[#6](-[#1])(-[#1])-[#16;X2]-c3nc1c(n(nc1-[#6](-[#1])-[#1])-c:2:c:c:c:c:c:2)nn3
PAINS,het_thio_656b(3),[#6]-[#6](=[#8])-[#6](-[#1])(-[#1])-[#16;X2]-c:3:n:n:c:2:c:1:c(:c(:c(:c(:c:1:n(:c:2:n:3)-[#1])-[#1])-[#1])-[#1])-[#1]
PAINS,thiazole_amine_D(3),"s:1:c(:[n+](-[#6](-[#1])-[#1]):c(:c:1-[#1])-[#6])-[#7](-[#1])-c:2:c:c:c:c:c:2[$([#6](-[#1])-[#1]),$([#6]:[#6])]"
PAINS,thio_urea_H(3),"[#6]-,:2(=[#16])-,:[#7](-[#6](-[#1])(-[#1])-c:1:c:c:c:o:1)-,:[#6](=,:[#7]-,:[#7]-,:2-[#1])-[#6]:[#6]"
PAINS,cyano_pyridone_F(3),"[#7]-,:2(-c:1:c:c:c:c:c:1)-,:[#6](=[#8])-,:[#6](=,:[#6]-,:[#6](=,:[#7]-,:2)-[#6]#[#7])-[#6]#[#7]"
PAINS,rhod_sat_D(3),[#7]-2(-c:1:c:c:c:c:c:1)-[#6](=[#8])-[#16]-[#6](-[#1])(-[#6](-[#1])(-[#1])-[#6](=[#8])-[#7](-[#1])-[#6]:[#6])-[#6]-2=[#8]
PAINS,ene_rhod_J(3),"[#6](-[#1])(-[#1])-[#7]-2-[#6](=[$([#16]),$([#7])])-[!#6&!#1]-[#6](=[#6]-1-[#6](=[#6](-[#1])-[#6]:[#6]-[#7]-1-[#6](-[#1])-[#1])-[#1])-[#6]-2=[#8]"
PAINS,imine_phenol_A(3),[#6]=[#7;!R]-c:1:c:c:c:c:c:1-[#8]-[#1]
PAINS,thio_carbonate_B(3),"[#8]=[#6]-,:2-,:[#16]-,:c:1:c(:c(:c:c:c:1)-[#8]-[#6](-[#1])-[#1])-,:[#8]-,:2"
PAINS,het_thio_N_5A(3),"[#7]=,:[#6]-,:1-,:[#7]=,:[#6]-,:[#7]-,:[#16]-,:1"
PAINS,het_thio_N_65A(3),"[#7]-,:2-,:[#16]-,:[#6]-1=,:[#6](-[#6]:[#6]-[#7]-[#6]-1)-,:[#6]-,:2=[#16]"
PAINS,anil_di_alk_J(3),[#6](-[#1])(-[#1])-[#7](-[#6](-[#1])-[#1])-c:1:c(:c(:c(:c(:c:1-[#1])-[#1])-[#6](-[#1])=[#7]-[#7]=[#6](-[#6])-[#6]:[#6])-[#1])-[#1]
PAINS,pyrrole_H(3),n1-2cccc1-[#6]=[#7](-[#6])-[#6]-[#6]-2
PAINS,ene_cyano_D(3),[#6](-[#6]#[#7])(-[#6]#[#7])=[#6](-[#16])-[#16]
PAINS,cyano_cyano_B(3),[#6]-1(-[#6]#[#7])(-[#6]#[#7])-[#6](-[#1])(-[#6](=[#8])-[#6])-[#6]-1-[#1]
PAINS,ene_five_het_M(3),"[#6]-1=,:[#6]-[#6](-[#6](-[$([#8]),$([#16])]-1)=[#6]-[#6]=[#8])=[#8]"
PAINS,cyano_ene_amine_C(3),[#6]:[#6]-[#6](=[#8])-[#7](-[#1])-[#6](=[#8])-[#6](-[#6]#[#7])=[#6](-[#1])-[#7](-[#1])-[#6]:[#6]
PAINS,thio_urea_I(3),c:1(:c:c:c:c:c:1)-[#7](-[#1])-[#6](=[#16])-[#7](-[#1])-[#7]=[#6]-c:2:c:n:c:c:2
PAINS,dhp_amino_CN_F(3),[#7](-[#1])(-[#1])-[#6]-2=[#6](-[#6]#[#7])-[#6](-[#1])(-c:1:c:c:c:s:1)-[#6](=[#6](-[#6](-[#1])-[#1])-[#8]-2)-[#6](=[#8])-[#8]-[#6]
PAINS,anthranil_acid_B(3),c:1:c-3:c(:c:c(:c:1)-[#6](=[#8])-[#7](-[#1])-c:2:c(:c:c:c:c:2)-[#6](=[#8])-[#8]-[#1])-[#6](-[#7](-[#6]-3=[#8])-[#6](-[#1])-[#1])=[#8]
PAINS,diazox_B(3),[Cl]-c:2:c:c:1:n:o:n:c:1:c:c:2
PAINS,thio_aldehyd_A(3),[#6]-[#6](=[#16])-[#1]
PAINS,thio_amide_B(2),[#6;X4]-[#7](-[#1])-[#6](-[#6]:[#6])=[#6](-[#1])-[#6](=[#16])-[#7](-[#1])-c:1:c:c:c:c:c:1
PAINS,imidazole_B(2),[#6](-[#1])(-[#1])-[#6](-[#1])(-[#1])-[#16]-[#6](-[#1])(-[#1])-c1cn(cn1)-[#1]
PAINS,thiazole_amine_E(2),[#8]=[#6]-[#7](-[#1])-c:1:c(-[#6]:[#6]):n:c(-[#6](-[#1])(-[#1])-[#6]#[#7]):s:1
PAINS,thiazole_amine_F(2),[#6](-[#1])-[#7](-[#1])-c:1:n:c(:c:s:1)-c2cnc3n2ccs3
PAINS,thio_ester_C(2),"[#7]-,:1-,:[#6](=[#8])-,:[#6](=,:[#6](-[#6])-,:[#16]-,:[#6]-,:1=[#16])-[#1]"
PAINS,ene_one_B(2),[#6](-[#16])(-[#7])=[#6](-[#1])-[#6]=[#6](-[#1])-[#6]=[#8]
PAINS,quinone_C(2),"[#8]=[#6]-3-c:1:c(:c:c:c:c:1)-[#6]-,:2=,:[#6](-[#8]-[#1])-,:[#6](=[#8])-,:[#7]-,:c:4:c-,:2:c-3:c:c:c:4"
PAINS,keto_naphthol_A(2),"c:1:2:c:c:c:c(:c:1:c(:c:c:c:2)-[$([#8]-[#1]),$([#7](-[#1])-[#1])])-[#6](-[#6])=[#8]"
PAINS,thio_amide_C(2),[#6](-[#1])(-c:1:c:c:c:c:c:1)(-c:2:c:c:c:c:c:2)-[#6](=[#16])-[#7]-[#1]
PAINS,phthalimide_misc(2),[#7]-2(-[#6](=[#8])-c:1:c(:c(:c(:c(:c:1-[#1])-[#6](=[#8])-[#8]-[#1])-[#1])-[#1])-[#6]-2=[#8])-c:3:c(:c:c(:c(:c:3)-[#1])-[#8])-[#1]
PAINS,sulfonamide_D(2),c:1:c:c(:c:c:c:1-[#7](-[#1])-[#16](=[#8])=[#8])-[#7](-[#1])-[#16](=[#8])=[#8]
PAINS,anil_NH_alk_C(2),[#6](-[#1])-[#7](-[#1])-c:1:c(:c(:c(:c(:c:1-[#1])-[#1])-[#1])-[#1])-[#7](-[#1])-[#6]-[#1]
PAINS,het_65_E(2),"s1c(c(c-,:2c1-,:[#7](-[#1])-,:[#6](-,:[#6](=,:[#6]-,:2-[#1])-[#6](=[#8])-[#8]-[#1])=[#8])-[#7](-[#1])-[#1])-[#6](=[#8])-[#7]-[#1]"
PAINS,hzide_naphth(2),c:2(:c:1:c(:c(:c(:c(:c:1:c(:c(:c:2-[#1])-[#1])-[#1])-[#1])-[#7](-[#1])-[#7](-[#1])-[#6]=[#8])-[#1])-[#1])-[#1]
PAINS,anisol_B(2),[#6](-[#1])(-[#1])-c:1:c(:c(:c(:c(:c:1-[#8]-[#6](-[#1])-[#1])-[#1])-[#1])-[#6](-[#1])(-[#1])-[#7](-[#1])-[#6;X4])-[#1]
PAINS,thio_carbam_ene(2),[#6]-1=[#6]-[#7]-[#6](-[#16]-[#6;X4]-1)=[#16]
PAINS,thio_amide_D(2),[#6](-[#7](-[#6]-[#1])-[#6]-[#1]):[#6]-[#7](-[#1])-[#6](=[#16])-[#6]-[#1]
PAINS,het_65_Da(2),n2nc(c1cccc1c2-[#6])-[#6]
PAINS,thiophene_D(2),s:1:c(:c(-[#1]):c(:c:1-[#6](=[#8])-[#7](-[#1])-[#7]-[#1])-[#8]-[#6](-[#1])-[#1])-[#1]
PAINS,het_thio_6_ene(2),[#6]-1:[#6]-[#7]=[#6]-[#6](=[#6]-[#7]-[#6])-[#16]-1
PAINS,cyano_keto_A(2),[#6](-[#1])(-[#1])-[#6](-[#1])(-[#6]#[#7])-[#6](=[#8])-[#6]
PAINS,anthranil_acid_C(2),"c2(c(-[#7](-[#1])-[#1])n(-c:1:c:c:c:c:c:1-[#6](=[#8])-[#8]-[#1])nc2-[#6]=[#8])-[$([#6]#[#7]),$([#6]=[#16])]"
PAINS,naphth_amino_C(2),"c:2:c:1:c:c:c:c-,:3:c:1:c(:c:c:2)-,:[#7](-,:[#7]=,:[#6]-,:3)-[#1]"
PAINS,naphth_amino_D(2),"c:2:c:1:c:c:c:c-,:3:c:1:c(:c:c:2)-,:[#7]-,:[#7]=,:[#7]-,:3"
PAINS,thiazole_amine_G(2),c1csc(n1)-[#7]-[#7]-[#16](=[#8])=[#8]
PAINS,het_66_B(2),c:1:c:c:c:2:c(:c:1):n:c(:n:c:2)-[#7](-[#1])-[#6]-3=[#7]-[#6](-[#6]=[#6]-[#7]-3-[#1])(-[#6](-[#1])-[#1])-[#6](-[#1])-[#1]
PAINS,coumarin_A(2),"c:1-,:3:c(:c(:c(:c(:c:1)-[#8]-[#6]-[#1])-[#1])-[#1])-,:c:2:c(:c(:c(:c(:c:2-[#1])-[#1])-[#8]-[#6](-[#1])-[#1])-[#1])-,:[#6](=[#8])-,:[#8]-,:3"
PAINS,anthranil_acid_D(2),c:12:c(:c:c:c:n:1)c(c(-[#6](=[#8])~[#8;X1])s2)-[#7](-[#1])-[#1]
PAINS,het_66_C(2),c:1:2:n:c(:c(:n:c:1:[#6]:[#6]:[#6]:[!#1]:2)-[#6](-[#1])=[#6](-[#8]-[#1])-[#6])-[#6](-[#1])=[#6](-[#8]-[#1])-[#6]
PAINS,thiophene_amino_E(2),c1csc(c1-[#7](-[#1])-[#1])-[#6](-[#1])=[#6](-[#1])-c2cccs2
PAINS,het_6666_A(2),c:2:c:c:1:n:c:3:c(:n:c:1:c:c:2):c:c:c:4:c:3:c:c:c:c:4
PAINS,sulfonamide_E(2),[#6]:[#6]-[#7](-[#1])-[#16](=[#8])(=[#8])-[#7](-[#1])-[#6]:[#6]
PAINS,anil_di_alk_K(2),c:1:c:c(:c:c:c:1-[#7](-[#1])-[#1])-[#7](-[#6;X3])-[#6;X3]
PAINS,het_5_C(2),"[#7]-2=[#6](-c:1:c:c:c:c:c:1)-[#6](-[#1])(-[#1])-[#6](-[#8]-[#1])(-[#6](-[#9])(-[#9])-[#9])-[#7]-2-[$([#6]:[#6]:[#6]:[#6]:[#6]:[#6]),$([#6](=[#16])-[#6]:[#6]:[#6]:[#6]:[#6]:[#6])]"
PAINS,ene_six_het_B(2),"c:1:c(:c:c:c:c:1)-[#6](=[#8])-[#6](-[#1])=[#6]-,:3-,:[#6](=[#8])-,:[#7](-[#1])-,:[#6](=[#8])-,:[#6](=[#6](-[#1])-c:2:c:c:c:c:c:2)-,:[#7]-,:3-[#1]"
PAINS,steroid_A(2),[#8]=[#6]-4-[#6]-[#6]-[#6]-3-[#6]-2-[#6](=[#8])-[#6]-[#6]-1-[#6]-[#6]-[#6]-[#6]-1-[#6]-2-[#6]-[#6]-[#6]-3=[#6]-4
PAINS,het_565_A(2),c:1:2:c:3:c(:c(-[#8]-[#1]):c(:c:1:c(:c:n:2-[#6])-[#6]=[#8])-[#1]):n:c:n:3
PAINS,thio_imine_ium(2),[#6;X4]-[#7+](-[#6;X4]-[#8]-[#1])=[#6]-[#16]-[#6]-[#1]
PAINS,anthranil_acid_E(2),[#6]-3(=[#8])-[#6](=[#6](-[#1])-[#7](-[#1])-c:1:c:c:c:c:c:1-[#6](=[#8])-[#8]-[#1])-[#7]=[#6](-c:2:c:c:c:c:c:2)-[#8]-3
PAINS,hzone_furan_B(2),"c:1(:c(:c(:[c;!H0,$(c-[#6;!H0;!H1])](:o:1))-[#1])-[#1])-[#6;!H0,$([#6]-[#6;!H0;!H1])]=[#7]-[#7](-[#1])-c:2:c:c:n:c:c:2"
PAINS,thiophene_E(2),"c:1(:c(:c(:[c;!H0,$(c-[#6;!H0;!H1])](:s:1))-[#1])-[#1])-[#6;!H0,$([#6]-[#6;!H0;!H1])]-[#6](=[#8])-[#7](-[#1])-c:2:n:c:c:s:2"
PAINS,ene_misc_B(2),[#6]:[#6]-[#6](-[#1])(-[#1])-[#6](-[#1])(-[#6]=[#8])-[#7]-2-[#6](=[#8])-[#6]-1(-[#1])-[#6](-[#1])(-[#1])-[#6]=[#6]-[#6](-[#1])(-[#1])-[#6]-1(-[#1])-[#6]-2=[#8]
PAINS,het_thio_5_B(2),[#6]-1(-[#6]=[#8])(-[#6]:[#6])-[#16;X2]-[#6]=[#7]-[#7]-1-[#1]
PAINS,thiophene_amino_F(2),[#7](-[#1])(-[#1])-c:1:c(:c(:c(:s:1)-[#7](-[#1])-[#6](=[#8])-c:2:c:c:c:c:c:2)-[#6]#[#7])-[#6]:3:[!#1]:[!#1]:[!#1]:[!#1]:[!#1]:3
PAINS,anil_OC_alk_D(2),"[#6](-[#1])(-[#1])-[#8]-c:1:c(:c(:c(:c(:c:1-[#1])-[#1])-[#6](-[#1])-[#1])-[#1])-[#7](-[#1])-[#6](-[#1])(-[#1])-c:2:c:c:c:c:c:2-[$([#6](-[#1])-[#1]),$([#8]-[#6](-[#1])-[#1])]"
PAINS,tert_butyl_A(2),[#6](-[#1])(-[#1])(-[#1])-[#6](-[#6](-[#1])(-[#1])-[#1])(-[#6](-[#1])(-[#1])-[#1])-c:1:c(:c:c(:c(:c:1-[#1])-[#6](-[#6](-[#1])(-[#1])-[#1])(-[#6](-[#1])(-[#1])-[#1])-[#6](-[#1])(-[#1])-[#1])-[#8]-[#6](-[#1])-[#7])-[#1]
PAINS,thio_urea_J(2),c:1(:c(:o:c:c:1)-[#6]-[#1])-[#6]=[#7]-[#7](-[#1])-[#6](=[#16])-[#7]-[#1]
PAINS,het_thio_65_B(2),[#7](-[#1])-c1nc(nc2nnc(n12)-[#16]-[#6])-[#7](-[#1])-[#6]
PAINS,coumarin_B(2),"c:1-,:2:c(:c:c:c:c:1-[#6](-[#1])(-[#1])-[#6](-[#1])=[#6](-[#1])-[#1])-,:[#6](=,:[#6](-[#6](=[#8])-[#7](-[#1])-[#6]:[#6])-,:[#6](=[#8])-,:[#8]-,:2)-[#1]"
PAINS,thio_urea_K(2),"[#6]-,:2(=[#16])-,:[#7]-,:1-,:[#6]=,:[#6]-,:[#7]=,:[#7]-,:[#6]-,:1=,:[#7]-,:[#7]-,:2-[#1]"
PAINS,thiophene_amino_G(2),[#6]:[#6]:[#6]:[#6]:[#6]:[#6]-c:1:c:c(:c(:s:1)-[#7](-[#1])-[#6](=[#8])-[#6])-[#6](=[#8])-[#8]-[#1]
PAINS,anil_NH_alk_D(2),[#7](-[#1])(-[#1])-c:1:c(:c(:c(:c:c:1-[#7](-[#1])-[#6](-[#1])(-[#6])-[#6](-[#1])-[#6](-[#1])-[#1])-[#1])-[#1])-[#1]
PAINS,het_thio_5_C(2),"[#16]=[#6]-,:2-,:[#7](-[#1])-,:[#7]=,:[#6](-c:1:c(:c(:c(:c(:c:1-[#1])-[#1])-[#8]-[#6](-[#1])-[#1])-[#1])-[#1])-,:[#8]-,:2"
PAINS,thio_keto_het(2),[#16]=[#6]-c:1:c:c:c:2:c:c:c:c:n:1:2
PAINS,het_thio_N_5B(2),[#6]~1~[#6](~[#7]~[#7]~[#6](~[#6](-[#1])-[#1])~[#6](-[#1])-[#1])~[#7]~[#16]~[#6]~1
PAINS,quinone_D(2),"[#6]-1(-[#6]=,:[#6]-[#6]=,:[#6]-[#6]-1=[!#6&!#1])=[!#6&!#1]"
PAINS,anil_di_alk_furan_B(2),[#6](-[#1])(-[#1])-[#7](-[#6](-[#1])-[#1])-c:1:c(-[#1]):c(:c(:o:1)-[#6](-[#1])=[#6]-[#6]#[#7])-[#1]
PAINS,ene_six_het_C(2),[#8]=[#6]-1-[#6]:[#6]-[#6](-[#1])(-[#1])-[#7]-[#6]-1=[#6]-[#1]
PAINS,het_55_A(2),[#6]:[#6]-[#7]:2:[#7]:[#6]:1-[#6](-[#1])(-[#1])-[#16;X2]-[#6](-[#1])(-[#1])-[#6]:1:[#6]:2-[#7](-[#1])-[#6](=[#8])-[#6](-[#1])=[#6]-[#1]
PAINS,het_thio_65_C(2),n:1:c(:n(:c:2:c:1:c:c:c:c:2)-[#6](-[#1])-[#1])-[#16]-[#6](-[#1])(-[#1])-[#6](=[#8])-[#7](-[#1])-[#7]=[#6](-[#1])-[#6](-[#1])=[#6]-[#1]
PAINS,hydroquin_A(2),c:1(:c:c(:c(:c:c:1)-[#8]-[#1])-[#6](=!@[#6]-[#7])-[#6]=[#8])-[#8]-[#1]
PAINS,anthranil_acid_F(2),c:1(:c:c(:c(:c:c:1)-[#7](-[#1])-[#6](=[#8])-[#6]:[#6])-[#6](=[#8])-[#8]-[#1])-[#8]-[#1]
PAINS,pyrrole_I(2),n2(-[#6](-[#1])-[#1])c-1c(-[#6]:[#6]-[#6]-1=[#8])cc2-[#6](-[#1])-[#1]
PAINS,thiophene_amino_H(2),[#6](-[#1])-[#7](-[#1])-c:1:c(:c(:c(:s:1)-[#6]-[#1])-[#6]-[#1])-[#6](=[#8])-[#7](-[#1])-[#6]:[#6]
PAINS,imine_one_fives_C(2),[#6]:[#6]-[#7;!R]=[#6]-2-[#6](=[!#6&!#1])-c:1:c:c:c:c:c:1-[#7]-2
PAINS,keto_phenone_zone_A(2),c:1:c:c:c:c:c:1-[#6](=[#8])-[#7](-[#1])-[#7]=[#6]-3-c:2:c:c:c:c:c:2-c:4:c:c:c:c:c-3:4
PAINS,dyes7A(2),c:1:c(:c:c:c:c:1)-[#7](-[#6](-[#1])-[#1])-[#6](-[#1])=[#6](-[#1])-[#6]=!@[#6](-[#1])-[#6](-[#1])=[#6]-[#6]=@[#7]-c:2:c:c:c:c:c:2
PAINS,het_pyridiniums_B(2),"[#6]:1:2:[!#1]:[#7+](:[!#1]:[#6;!H0,$([#6]-[*])](:[!#1]:1:[#6]:[#6]:[#6]:[#6]:2))~[#6]:[#6]"
PAINS,het_5_D(2),[#7]-2(-c:1:c:c:c:c:c:1)-[#7]=[#6](-[#6](-[#1])-[#1])-[#6](-[#1])(-[#16]-[#6])-[#6]-2=[#8]
PAINS,thiazole_amine_H(1),c:1:c:c:c(:c:c:1-[#7](-[#1])-c2nc(c(-[#1])s2)-c:3:c:c:c(:c:c:3)-[#6](-[#1])(-[#6]-[#1])-[#6]-[#1])-[#6](=[#8])-[#8]-[#1]
PAINS,thiazole_amine_I(1),[#6](-[#1])(-[#1])-[#7](-[#1])-[#6]=[#7]-[#7](-[#1])-c1nc(c(-[#1])s1)-[#6]:[#6]
PAINS,het_thio_N_5C(1),[#6]:[#6]-[#7](-[#1])-[#6](=[#8])-c1c(snn1)-[#7](-[#1])-[#6]:[#6]
PAINS,sulfonamide_F(1),[#8]=[#16](=[#8])(-[#6]:[#6])-[#7](-[#1])-c1nc(cs1)-[#6]:[#6]
PAINS,thiazole_amine_J(1),[#8]=[#16](=[#8])(-[#6]:[#6])-[#7](-[#1])-[#7](-[#1])-c1nc(cs1)-[#6]:[#6]
PAINS,het_65_F(1),s2c:1:n:c:n:c(:c:1c(c2-[#6](-[#1])-[#1])-[#6](-[#1])-[#1])-[#7]-[#7]=[#6]-c3ccco3
PAINS,keto_keto_beta_E(1),[#6](=[#8])-[#6](-[#1])=[#6](-[#8]-[#1])-[#6](-[#8]-[#1])=[#6](-[#1])-[#6](=[#8])-[#6]
PAINS,ene_five_one_B(1),c:2(:c:1-[#6](-[#6](-[#6](-c:1:c(:c(:c:2-[#1])-[#1])-[#1])(-[#1])-[#1])=[#8])=[#6](-[#6](-[#1])-[#1])-[#6](-[#1])-[#1])-[#1]
PAINS,keto_keto_beta_zone(1),[#6]:[#6]-[#7](-[#1])-[#7]=[#6](-[#6](-[#1])-[#1])-[#6](-[#1])(-[#1])-[#6](-[#6](-[#1])-[#1])=[#7]-[#7](-[#1])-[#6]:[#6]
PAINS,thio_urea_L(1),[#6;X4]-[#16;X2]-[#6](=[#7]-[!#1]:[!#1]:[!#1]:[!#1])-[#7](-[#1])-[#7]=[#6]
PAINS,het_thio_urea_ene(1),[#6]-1(=[#7]-[#7](-[#6](-[#16]-1)=[#6](-[#1])-[#6]:[#6])-[#6]:[#6])-[#6]=[#8]
PAINS,cyano_amino_het_A(1),c:1(:c(:c:2:c(:n:c:1-[#7](-[#1])-[#1]):c:c:c(:c:2-[#7](-[#1])-[#1])-[#6]#[#7])-[#6]#[#7])-[#6]#[#7]
PAINS,tetrazole_hzide(1),[!#1]:1:[!#1]:[!#1]:[!#1](:[!#1]:[!#1]:1)-[#6](-[#1])=[#6](-[#1])-[#6](-[#7](-[#1])-[#7](-[#1])-c2nnnn2-[#6])=[#8]
PAINS,imine_naphthol_A(1),c:1:2:c(:c(:c(:c(:c:1:c(:c(:c(:c:2-[#1])-[#1])-[#6](=[#7]-[#6]:[#6])-[#6](-[#1])-[#1])-[#8]-[#1])-[#1])-[#1])-[#1])-[#1]
PAINS,misc_anisole_A(1),c:1(:c(:c:2:c(:c(:c:1-[#8]-[#6](-[#1])-[#1])-[#1]):c(:c(:c(:c:2-[#7](-[#1])-[#6](-[#1])(-[#1])-[#1])-[#1])-c:3:c(:c(:c(:c(:c:3-[#1])-[#1])-[#8]-[#6](-[#1])-[#1])-[#8]-[#6](-[#1])-[#1])-[#1])-[#1])-[#1])-[#8]-[#6](-[#1])-[#1]
PAINS,het_thio_665(1),c:1:c:c-2:c(:c:c:1)-[#16]-c3c(-[#7]-2)cc(s3)-[#6](-[#1])-[#1]
PAINS,anil_di_alk_L(1),c:1:c:c:c-2:c(:c:1)-[#6](-[#6](-[#7]-2-[#6](-[#1])(-[#1])-[#6](-[#1])(-[#1])-[#7]-4-[#6](-c:3:c:c:c:c:c:3-[#6]-4=[#8])=[#8])(-[#1])-[#1])(-[#1])-[#1]
PAINS,colchicine_B(1),"c:1(:c:c:c(:c:c:1)-[#6]-,:3=,:[#6]-,:[#6](-,:c2cocc2-,:[#6](=,:[#6]-,:3)-[#8]-[#1])=[#8])-[#16]-[#6](-[#1])-[#1]"
PAINS,misc_aminoacid_A(1),[#6;X4]-c:1:c(:c(:c(:c(:c:1-[#1])-[#1])-[#6](=[#8])-[#7](-[#1])-[#6](-[#1])(-[#6](-[#1])(-[#1])-[#6](-[#1])(-[#1])-[#16]-[#6](-[#1])(-[#1])-[#1])-[#6](=[#8])-[#8]-[#1])-[#1])-[#1]
PAINS,imidazole_amino_A(1),n:1:c(:n(:c(:c:1-c:2:c:c:c:c:c:2)-c:3:c:c:c:c:c:3)-[#7]=!@[#6])-[#7](-[#1])-[#1]
PAINS,phenol_sulfite_A(1),[#6](-c:1:c:c:c(:c:c:1)-[#8]-[#1])(-c:2:c:c:c(:c:c:2)-[#8]-[#1])-[#8]-[#16](=[#8])=[#8]
PAINS,het_66_D(1),c:2:c:c:1:n:c(:c(:n:c:1:c:c:2)-[#6](-[#1])(-[#1])-[#6](=[#8])-[#6]:[#6])-[#6](-[#1])(-[#1])-[#6](=[#8])-[#6]:[#6]
PAINS,misc_anisole_B(1),c:1(:c(:c(:c(:c(:c:1-[#1])-[#8]-[#6](-[#1])-[#1])-[#8]-[#6](-[#1])-[#1])-[#1])-[#1])-[#6](=[#8])-[#6](-[#1])(-[#1])-[#7](-[#6](-[#1])-[#1])-c:2:c:c:c(-[#6](-[#1])-[#1])c:c:2
PAINS,tetrazole_A(1),[#6](-[#1])(-[#1])-c1nnnn1-c:2:c(:c(:c(:c(:c:2-[#1])-[#1])-[#8]-[#6](-[#1])(-[#1])-[#1])-[#1])-[#1]
PAINS,het_65_G(1),[#6]-2(=[#7]-c1c(c(nn1-[#6](-[#6]-2(-[#1])-[#1])=[#8])-[#7](-[#1])-[#1])-[#7](-[#1])-[#1])-[#6]
PAINS,misc_trityl_A(1),[#6](-[#6]:[#6])(-[#6]:[#6])(-[#6]:[#6])-[#16]-[#6]:[#6]-[#6](=[#8])-[#8]-[#1]
PAINS,misc_pyridine_OC(1),[#8]=[#6](-c:1:c(:c(:n:c(:c:1-[#1])-[#8]-[#6](-[#1])(-[#1])-[#1])-[#8]-[#6](-[#1])(-[#1])-[#1])-[#1])-[#7](-[#1])-[#6](-[#1])(-[#6](-[#1])-[#1])-[#6](-[#1])-[#1]
PAINS,het_6_hydropyridone(1),[#7]-1=[#6](-[#7](-[#6](-[#6](-[#6]-1(-[#1])-[#6]:[#6])(-[#1])-[#1])=[#8])-[#1])-[#7]-[#1]
PAINS,misc_stilbene(1),[#6]-1(=[#6](-[#6](-[#6](-[#6](-[#6]-1(-[#1])-[#1])(-[#1])-[#6](=[#8])-[#6])(-[#1])-[#6](=[#8])-[#8]-[#1])(-[#1])-[#1])-[#6]:[#6])-[#6]:[#6]
PAINS,misc_imidazole(1),[#6](-[#1])(-c:1:c(:c(:c(:c(:c:1-[#1])-[#1])-[Cl])-[#1])-[#1])(-c:2:c(:c(:c(:c(:c:2-[#1])-[#1])-[Cl])-[#1])-[#1])-[#8]-[#6](-[#1])(-[#1])-[#6](-[#1])(-[#1])-[#6](-[#1])(-[#1])-c3nc(c(n3-[#6](-[#1])(-[#1])-[#1])-[#1])-[#1]
PAINS,anil_NH_no_alk_A(1),n:1:c(:c(:c(:c(:c:1-[#1])-[#7](-[#1])-[#1])-[#1])-[#1])-[#7](-[#1])-[#6]:[#6]
PAINS,het_6_imidate_B(1),"[#7](-[#1])(-c:1:c(:c(:c(:c(:c:1-[#1])-[#1])-[#1])-[#1])-[#8]-[#1])-[#6]-,:2=,:[#6](-,:[#8]-,:[#6](-,:[#7]=,:[#7]-,:2)=[#7])-[#7](-[#1])-[#1]"
PAINS,anil_alk_B(1),[#7](-[#1])(-c:1:c(:c(:c(:c(:c:1-[#1])-[#1])-[#6](-[#1])-[#1])-[#1])-[#1])-[#6](-[#1])(-[#1])-[#6](-[#1])(-[#1])-c:2:c(:c(:c(:c(:c:2-[#1])-[#1])-[#8]-[#6](-[#1])-[#1])-[#1])-[#1]
PAINS,styrene_anil_A(1),c:1:c:c-3:c(:c:c:1)-c:2:c:c:c(:c:c:2-[#6]-3=[#6](-[#1])-[#6])-[#7](-[#1])-[#1]
PAINS,misc_aminal_acid(1),c:1:c:c-2:c(:c:c:1)-[#7](-[#6](-[#8]-[#6]-2)(-[#6](=[#8])-[#8]-[#1])-[#6](-[#1])-[#1])-[#6](=[#8])-[#6](-[#1])-[#1]
PAINS,anil_no_alk_D(1),n:1:c(:c(:c(:c(:c:1-[#7](-[#1])-[#1])-[#6](-[#1])-[#1])-[#1])-[#6](-[#1])-[#1])-[#7](-[#1])-[#1]
PAINS,anil_alk_C(1),[#7](-[#1])(-c:1:c:c:c:c:c:1)-[#6](-[#6])(-[#6])-c:2:c(:c(:c(:c(:c:2-[#1])-[#1])-[#8]-[#6](-[#1])-[#1])-[#1])-[#1]
PAINS,misc_anisole_C(1),[#7](-[#1])(-c:1:c(:c(:c(:c(:c:1-[#1])-[#1])-[#8]-[#6](-[#1])(-[#1])-[#1])-[#8]-[#6]-[#1])-[#1])-[#6](=[#8])-[#7](-[#1])-[#6](-[#1])(-[#1])-[#6](-[#1])(-[#1])-[#6](-[#1])(-[#1])-[#7](-[#6](-[#1])(-[#1])-[#1])-[#6]:[#6]
PAINS,het_465_misc(1),c:1-2:c:c-3:c(:c:c:1-[#8]-[#6]-[#8]-2)-[#6]-[#6]-3
PAINS,anthranil_acid_G(1),c:1(:c(:c(:c(:c(:c:1-[#1])-[#1])-[#8]-[#6](-[#1])-[#1])-[#1])-[#6](=[#8])-[#8]-[#1])-[#7](-[#1])-[#6]:[#6]
PAINS,anil_di_alk_M(1),c:1(:c:4:c(:n:c(:c:1-[#6](-[#1])(-[#1])-[#7]-3-c:2:c(:c(:c(:c(:c:2-[#6](-[#1])(-[#1])-[#6]-3(-[#1])-[#1])-[#1])-[#1])-[#1])-[#1])-[#1]):c(:c(:c(:c:4-[#1])-[#1])-[#1])-[#1])-[#1]
PAINS,anthranil_acid_H(1),c:1:c(:c2:c(:c:c:1)c(c(n2-[#1])-[#6]:[#6])-[#6]:[#6])-[#6](=[#8])-[#8]-[#1]
PAINS,thio_urea_M(1),"[#6]:[#6]-[#7](-[#6](-[#1])-[#1])-[#6](-[#1])(-[#1])-[#6](-[#1])(-[#1])-[#6](-[#1])(-[#1])-[#7](-[#1])-[#6](=[#16])-[#7](-[#1])-c:1:c(:c(:c(:c(:c:1-[F,Cl,Br,I])-[#1])-[#6](-[#1])-[#1])-[#1])-[#1]"
PAINS,thiazole_amine_K(1),n:1:c3:c(:c:c2:c:1nc(s2)-[#7])sc(n3)-[#7]
PAINS,het_thio_5_imine_A(1),[#7]=[#6]-1-[#16]-[#6](=[#7])-[#7]=[#6]-1
PAINS,thio_amide_E(1),c:1:c(:n:c:c:c:1)-[#6](=[#16])-[#7](-[#1])-c:2:c(:c:c:c:c:2)-[#8]-[#6](-[#1])-[#1]
PAINS,het_thio_676_B(1),c:1-2:c(:c(:c(:c(:c:1-[#6](-c:3:c(-[#16]-[#6]-2(-[#1])-[#1]):c(:c(-[#1]):c(:c:3-[#1])-[#1])-[#1])-[#8]-[#6]:[#6])-[#1])-[#1])-[#1])-[#1]
PAINS,sulfonamide_G(1),[#6](-[#1])(-[#1])(-[#1])-c:1:c(:c(:c(:c(:n:1)-[#7](-[#1])-[#16](-c:2:c(:c(:c(:c(:c:2-[#1])-[#1])-[#8]-[#6](-[#1])(-[#1])-[#6](-[#1])(-[#1])-[#6](-[#1])-[#1])-[#1])-[#1])(=[#8])=[#8])-[#1])-[#1])-[#1]
PAINS,thio_thiomorph_Z(1),[#6](=[#8])(-[#7]-1-[#6]-[#6]-[#16]-[#6]-[#6]-1)-c:2:c(:c(:c(:c(:c:2-[#16]-[#6](-[#1])-[#1])-[#1])-[#1])-[#1])-[#1]
PAINS,naphth_ene_one_A(1),c:1:c:c:3:c:2:c(:c:1)-[#6](-[#6]=[#6](-c:2:c:c:c:3)-[#8]-[#6](-[#1])-[#1])=[#8]
PAINS,naphth_ene_one_B(1),c:1-3:c:2:c(:c(:c:c:1)-[#7]):c:c:c:c:2-[#6](-[#6]=[#6]-3-[#6](-[F])(-[F])-[F])=[#8]
PAINS,amino_acridine_A(1),c:1:c:c:c:c:2:c:1:c:c:3:c(:n:2):n:c:4:c(:c:3-[#7]):c:c:c:c:4
PAINS,keto_phenone_B(1),c:1:c-3:c(:c:c:c:1)-[#6]-2=[#7]-[!#1]=[#6]-[#6]-[#6]-2-[#6]-3=[#8]
PAINS,hzone_acid_A(1),c:1-3:c(:c(:c(:c(:c:1-[#1])-[#1])-[#8]-[#6](-[#1])-[#1])-[#1])-[#6](=[#7]-[#7](-[#1])-c:2:c(:c(:c(:c(:c:2-[#1])-[#1])-[#6](=[#8])-[#8]-[#1])-[#1])-[#1])-c:4:c-3:c(:c(:c(:c:4-[#1])-[#8]-[#6](-[#1])-[#1])-[#1])-[#1]
PAINS,sulfonamide_H(1),c:1(:c(:c(:c(:c(:c:1-[#1])-[#1])-[#7](-[#1])-[#1])-[#1])-[#1])-[#16](=[#8])(=[#8])-[#7](-[#1])-c:2:n:n:c(:c(:c:2-[#1])-[#1])-[#1]
PAINS,het_565_indole(1),c2(c(-[#1])n(-[#6](-[#1])-[#1])c:3:c(:c(:c:1n(c(c(c:1:c2:3)-[#1])-[#1])-[#6](-[#1])-[#1])-[#8]-[#6](-[#1])-[#1])-[#8]-[#6](-[#1])-[#1])-[#1]
PAINS,pyrrole_J(1),c1(c-2c(c(n1-[#6](-[#8])=[#8])-[#6](-[#1])-[#1])-[#16]-[#6](-[#1])(-[#1])-[#16]-2)-[#6](-[#1])-[#1]
PAINS,pyrazole_amino_B(1),s1ccnc1-c2c(n(nc2-[#1])-[#1])-[#7](-[#1])-[#1]
PAINS,pyrrole_K(1),c1(c(c(c(n1-[#1])-c:2:c(:c(:c(:c(:c:2-[#1])-[#1])-[#1])-[#1])-[#1])-[#6](-[#1])-[#1])-[#1])-[#6](=[#8])-[#8]-[#1]
PAINS,anthranil_acid_I(1),c:1(:c(:c(:c(:o:1)-[#6])-[#1])-[#1])-[#6](=[#8])-[#7](-[#1])-[#6]:2:[#6](-[#1]):[#6](-[#1]):[#6](-[#1]):[#6](-[#1]):[#6]:2-[#6](=[#8])-[#8]-[#1]
PAINS,thio_amide_F(1),[!#1]:[#6]-[#6](=[#16])-[#7](-[#1])-[#7](-[#1])-[#6]:[!#1]
PAINS,ene_one_C(1),[#6]-1(=[#8])-[#6](-[#6](-[#6]#[#7])=[#6](-[#1])-[#7])-[#6](-[#7])-[#6]=[#6]-1
PAINS,het_65_H(1),"c2(c-,:1n(-,:[#6](-,:[#6]=,:[#6]-,:[#7]-,:1)=[#8])nc2-c3cccn3)-[#6]#[#7]"
PAINS,cyano_imine_D(1),[#8]=[#6]-1-[#6](=[#7]-[#7]-[#6]-[#6]-1)-[#6]#[#7]
PAINS,cyano_misc_A(1),c:2(:c:1:c:c:c:c:c:1:n:n:c:2)-[#6](-[#6]:[#6])-[#6]#[#7]
PAINS,ene_misc_C(1),c:1:c:c-2:c(:c:c:1)-[#6]=[#6]-[#6](-[#7]-2-[#6](=[#8])-[#7](-[#1])-c:3:c:c(:c(:c:c:3)-[#8]-[#6](-[#1])-[#1])-[#8]-[#6](-[#1])-[#1])(-[#6](-[#1])-[#1])-[#6](-[#1])-[#1]
PAINS,het_66_E(1),c:2:c:c:1:n:c(:c(:n:c:1:c:c:2)-c:3:c:c:c:c:c:3)-c:4:c:c:c:c:c:4-[#8]-[#1]
PAINS,keto_keto_beta_F(1),[#6](-[#1])(-[#1])-[#6](-[#8]-[#1])=[#6](-[#6](=[#8])-[#6](-[#1])-[#1])-[#6](-[#1])-[#6]#[#6]
PAINS,misc_naphthimidazole(1),c:1:c:4:c(:c:c2:c:1nc(n2-[#1])-[#6]-[#8]-[#6](=[#8])-c:3:c:c(:c:c(:c:3)-[#7](-[#1])-[#1])-[#7](-[#1])-[#1]):c:c:c:c:4
PAINS,naphth_ene_one_C(1),c:2(:c:1:c:c:c:c-3:c:1:c(:c:c:2)-[#6]=[#6]-[#6]-3=[#7])-[#7]
PAINS,keto_phenone_C(1),c:2(:c:1:c:c:c:c:c:1:c-3:c(:c:2)-[#6](-c:4:c:c:c:c:c-3:4)=[#8])-[#8]-[#1]
PAINS,coumarin_C(1),"[#6]-,:2(-,:[#6]=,:[#7]-,:c:1:c:c(:c:c:c:1-,:[#8]-,:2)-[Cl])=[#8]"
PAINS,thio_est_cyano_A(1),[#6]-1=[#6]-[#7](-[#6](-c:2:c-1:c:c:c:c:2)(-[#6]#[#7])-[#6](=[#16])-[#16])-[#6]=[#8]
PAINS,het_65_imidazole(1),c2(nc:1:c(:c(:c(:c(:c:1-[#1])-[#1])-[#1])-[#1])n2-[#6])-[#7](-[#1])-[#6](-[#7](-[#1])-c:3:c(:c:c:c:c:3-[#1])-[#1])=[#8]
PAINS,anthranil_acid_J(1),"[#7](-[#1])(-[#6]:[#6])-c:1:c(-[#6](=[#8])-[#8]-[#1]):c:c:c(:n:1)-,:[#6]:[#6]"
PAINS,colchicine_het(1),"c:1-,:3:c(:c:c:c:c:1)-,:[#16]-,:[#6](=[#7]-[#7]=[#6]-,:2-,:[#6]=,:[#6]-,:[#6]=,:[#6]-,:[#6]=,:[#6]-,:2)-,:[#7]-,:3-[#6](-[#1])-[#1]"
PAINS,ene_misc_D(1),c:1-2:c(:c(:c(:c(:c:1-[#1])-[#8]-[#6](-[#1])-[#1])-[#8]-[#6](-[#1])-[#1])-[#1])-[#6](=[#6](-[#6])-[#16]-[#6]-2(-[#1])-[#1])-[#6]
PAINS,indole_3yl_alk_B(1),c:12:c(:c(:c(:c(:c:1-[#1])-[#1])-[#1])-[#1])c(c(-[#6]:[#6])n2-!@[#6]:[#6])-[#6](-[#1])-[#1]
PAINS,anil_OH_no_alk_A(1),[#7](-[#1])(-[#1])-c:1:c:c:c(:c:c:1-[#8]-[#1])-[#16](=[#8])(=[#8])-[#8]-[#1]
PAINS,thiazole_amine_L(1),s:1:c:c:c(:c:1-[#1])-c:2:c:s:c(:n:2)-[#7](-[#1])-[#1]
PAINS,pyrazole_amino_A(1),c1c(-[#7](-[#1])-[#1])nnc1-c2c(-[#6](-[#1])-[#1])oc(c2-[#1])-[#1]
PAINS,het_thio_N_5D(1),n1nscc1-c2nc(no2)-[#6]:[#6]
PAINS,anil_alk_indane(1),c:1(:c:c-3:c(:c:c:1)-[#7]-[#6]-4-c:2:c:c:c:c:c:2-[#6]-[#6]-3-4)-[#6;X4]
PAINS,anil_di_alk_N(1),c:1-2:c(:c(:c(:c(:c:1-[#1])-[#1])-[#1])-[#1])-[#6](=[#6](-[#1])-[#6]-3-[#6](-[#6]#[#7])-[#6](-[#1])(-[#1])-[#6](-[#1])-[#7]-2-3)-[#1]
PAINS,het_666_C(1),"c:2-,:3:c(:c:c:1:c:c:c:c:c:1:c:2)-,:[#7](-[#6](-[#1])-[#1])-,:[#6](=[#8])-,:[#6](=,:[#7]-,:3)-[#6]:[#6]-[#7](-[#1])-[#6](-[#1])-[#1]"
PAINS,ene_one_D(1),[#6](-[#8]-[#1]):[#6]-[#6](=[#8])-[#6](-[#1])=[#6](-[#6])-[#6]
PAINS,anil_di_alk_indol(1),c:1:2:c(:c(:c(:c(:c:1-[#1])-[#1])-[#7](-[#6](-[#1])-[#1])-[#6](-[#1])-[#1])-[#1]):c(:c(-[#1]):n:2-[#1])-[#16](=[#8])=[#8]
PAINS,anil_no_alk_indol_A(1),c:1:2:c(:c(:c(:c(:c:1-[#1])-[#1])-[#7](-[#1])-[#1])-[#1]):c(:c(-[#1]):n:2-[#6](-[#1])-[#1])-[#1]
PAINS,dhp_amino_CN_G(1),"[#16;X2]-1-[#6]=[#6](-[#6]#[#7])-[#6](-[#6])(-[#6]=[#8])-[#6](=[#6]-1-[#7](-[#1])-[#1])-[$([#6]=[#8]),$([#6]#[#7])]"
PAINS,anil_di_alk_dhp(1),"[#7]-2-[#6]=[#6](-[#6]=[#8])-[#6](-c:1:c:c:c(:c:c:1)-[#7](-[#6](-[#1])-[#1])-[#6](-[#1])-[#1])-[#6]~3=,:[#6]-2~[#7]~[#6](~[#16])~[#7]~[#6]~3~[#7]"
PAINS,anthranil_amide_A(1),c:1:c(:c:c:c:c:1)-[#6](=[#8])-[#7](-[#1])-c:2:c(:c:c:c:c:2)-[#6](=[#8])-[#7](-[#1])-[#7](-[#1])-c:3:n:c:c:s:3
PAINS,hzone_anthran_Z(1),c:1:c:2:c(:c:c:c:1):c(:c:3:c(:c:2):c:c:c:c:3)-[#6]=[#7]-[#7](-[#1])-c:4:c:c:c:c:c:4
PAINS,ene_one_amide_A(1),c:1:c(:c:c:c:c:1)-[#6](-[#1])-[#7]-[#6](=[#8])-[#6](-[#7](-[#1])-[#6](-[#1])-[#1])=[#6](-[#1])-[#6](=[#8])-c:2:c:c:c(:c:c:2)-[#8]-[#6](-[#1])-[#1]
PAINS,het_76_A(1),s:1:c(:c(-[#1]):c(:c:1-[#6]-3=[#7]-c:2:c:c:c:c:c:2-[#6](=[#7]-[#7]-3-[#1])-c:4:c:c:n:c:c:4)-[#1])-[#1]
PAINS,thio_urea_N(1),o:1:c(:c(-[#1]):c(:c:1-[#6](-[#1])(-[#1])-[#7](-[#1])-[#6](=[#16])-[#7](-[#6]-[#1])-[#6](-[#1])(-[#1])-c:2:c:c:c:c:c:2)-[#1])-[#1]
PAINS,anil_di_alk_coum(1),"c:1:c(:c:c:c:c:1)-[#7](-[#6]-[#1])-[#6](-[#1])-[#6](-[#1])-[#6](-[#1])-[#7](-[#1])-[#6](=[#8])-[#6]-,:2=,:[#6](-,:[#8]-,:[#6](-,:[#6](=,:[#6]-,:2-[#6](-[#1])-[#1])-[#1])=[#8])-[#6](-[#1])-[#1]"
PAINS,ene_one_amide_B(1),c2-3:c:c:c:1:c:c:c:c:c:1:c2-[#6](-[#1])-[#6;X4]-[#7]-[#6]-3=[#6](-[#1])-[#6](=[#8])-[#7](-[#6](-[#1])-[#1])-[#6](-[#1])-[#1]
PAINS,het_thio_656c(1),c:1:c(:c:c:c:c:1)-[#6]-4=[#7]-[#7]:2:[#6](:[#7+]:c:3:c:2:c:c:c:c:3)-[#16]-[#6;X4]-4
PAINS,het_5_ene(1),[#6]-2(=[#8])-[#6](=[#6](-[#6](-[#1])-[#1])-[#7](-[#1])-[#6](-[#1])(-[#1])-[#6](-[#1])(-[#1])-[#6](-[#1])-[#1])-[#7]=[#6](-c:1:c:c:c:c:c:1)-[#8]-2
PAINS,thio_imide_A(1),c:1:c(:c:c:c:c:1)-[#7]-2-[#6](=[#8])-[#6](=[#6](-[#1])-[#6]-2=[#8])-[#16]-c:3:c:c:c:c:c:3
PAINS,dhp_amidine_A(1),"[#7]-,:1(-[#1])-,:[#7]=,:[#6](-[#7]-[#1])-,:[#16]-,:[#6](=,:[#6]-,:1-,:[#6]:[#6])-,:[#6]:[#6]"
PAINS,thio_urea_O(1),c:1(:c(:c-3:c(:c(:c:1-[#7](-[#1])-[#6](=[#16])-[#7](-[#1])-[#6](-[#1])-c:2:c(:c(:c(:o:2)-[#6]-[#1])-[#1])-[#1])-[#1])-[#8]-[#6](-[#8]-3)(-[#1])-[#1])-[#1])-[#1]
PAINS,anil_di_alk_O(1),c:1(:c(:c(:c(:c(:c:1-[#7](-[#1])-[#6](=[#16])-[#7](-[#1])-c:2:c:c:c:c:c:2)-[#1])-[#7](-[#6](-[#1])-[#1])-[#6](-[#1])-[#1])-[#1])-[#1])-[#1]
PAINS,thio_urea_P(1),"[#8]=[#6]-!@n:1:c:c:c-,:2:c:1-,:[#7](-[#1])-,:[#6](=[#16])-,:[#7]-,:2-[#1]"
PAINS,het_pyraz_misc(1),[#6](-[F])(-[F])-[#6](=[#8])-[#7](-[#1])-c:1:c(-[#1]):n(-[#6](-[#1])(-[#1])-[#6](-[#1])(-[#1])-[#8]-[#6](-[#1])(-[#1])-[#6]:[#6]):n:c:1-[#1]
PAINS,diazox_C(1),[#7]-2=[#7]-[#6]:1:[#7]:[!#6&!#1]:[#7]:[#6]:1-[#7]=[#7]-[#6]:[#6]-2
PAINS,diazox_D(1),[#6]-2(-[#1])(-[#8]-[#1])-[#6]:1:[#7]:[!#6&!#1]:[#7]:[#6]:1-[#6](-[#1])(-[#8]-[#1])-[#6]=[#6]-2
PAINS,misc_cyclopropane(1),[#6]-1(-[#6](-[#1])(-[#1])-[#6]-1(-[#1])-[#1])(-[#6](=[#8])-[#7](-[#1])-c:2:c:c:c(:c:c:2)-[#8]-[#6](-[#1])(-[#1])-[#8])-[#16](=[#8])(=[#8])-[#6]:[#6]
PAINS,imine_ene_one_B(1),[#6]-1:[#6]-[#6](=[#8])-[#6]=[#6]-1-[#7]=[#6](-[#1])-[#7](-[#6;X4])-[#6;X4]
PAINS,coumarin_D(1),"c:1:c:c(:c:c-,:2:c:1-,:[#6](=,:[#6](-[#1])-,:[#6](=[#8])-,:[#8]-,:2)-c:3:c:c:c:c:c:3)-[#8]-[#6](-[#1])(-[#1])-[#6]:[#8]:[#6]"
PAINS,misc_furan_A(1),c:1:c(:o:c(:c:1-[#6](-[#1])-[#1])-[#6](-[#1])-[#1])-[#6](-[#1])(-[#1])-[#7]-[#6](-[#1])(-[#1])-[#6](-[#1])(-[#8]-[#6](-[#1])-[#1])-[#6](-[#1])(-[#1])-[#8]-c:2:c:c-3:c(:c:c:2)-[#8]-[#6](-[#8]-3)(-[#1])-[#1]
PAINS,rhod_sat_E(1),[#7]-4(-c:1:c:c:c:c:c:1)-[#6](=[#8])-[#16]-[#6](-[#1])(-[#7](-[#1])-c:2:c:c:c:c:3:c:c:c:c:c:2:3)-[#6]-4=[#8]
PAINS,rhod_sat_imine_A(1),[#7]-3(-[#6](=[#8])-c:1:c:c:c:c:c:1)-[#6](=[#7]-c:2:c:c:c:c:c:2)-[#16]-[#6](-[#1])(-[#1])-[#6]-3=[#8]
PAINS,rhod_sat_F(1),[#7]-2(-c:1:c:c:c:c:c:1)-[#6](=[#8])-[#16]-[#6](-[#1])(-[#1])-[#6]-2=[#16]
PAINS,het_thio_5_imine_B(1),[#7]-1(-[#6](-[#1])-[#1])-[#6](=[#16])-[#7](-[#6]:[#6])-[#6](=[#7]-[#6]:[#6])-[#6]-1=[#7]-[#6]:[#6]
PAINS,het_thio_5_imine_C(1),[#16]-1-[#6](=[#7]-[#7]-[#1])-[#16]-[#6](=[#7]-[#6]:[#6])-[#6]-1=[#7]-[#6]:[#6]
PAINS,ene_five_het_N(1),"[#6]-2(=[#8])-[#6](=[#6](-[#1])-c:1:c(:c:c:c(:c:1)-[F,Cl,Br,I])-[#8]-[#6](-[#1])-[#1])-[#7]=[#6](-[#16]-[#6](-[#1])-[#1])-[#16]-2"
PAINS,thio_carbam_A(1),[#6](-[#1])(-[#1])-[#16]-[#6](=[#16])-[#7](-[#1])-[#6](-[#1])(-[#1])-[#6]:[#6]
PAINS,misc_anilide_A(1),c:1(:c(:c(:c(:c(:c:1-[#1])-[#1])-[#6](-[#1])-[#1])-[#7](-[#1])-[#6](=[#8])-[#6](-[#1])(-[#1])-[#6](-[#1])(-[#1])-[#6]:[#6])-[#1])-[#7](-[#1])-[#6](=[#8])-[#6](-[#1])(-[#1])-[#6](-[#1])(-[#1])-[#6]:[#6]
PAINS,misc_anilide_B(1),c:1(:c(:c(:c(:c(:c:1-[#6](-[#1])-[#1])-[#1])-[Br])-[#1])-[#6](-[#1])-[#1])-[#7](-[#1])-[#6](=[#8])-[#7](-[#1])-[#6](-[#1])(-[#1])-[#6](-[#1])(-[#1])-[#6](-[#1])-[#1]
PAINS,mannich_B(1),c:1-2:c(:c:c:c(:c:1-[#8]-[#6](-[#1])(-[#1])-[#7](-[#6]:[#6]-[#8]-[#6](-[#1])-[#1])-[#6]-2(-[#1])-[#1])-[#1])-[#1]
PAINS,mannich_catechol_A(1),c:1-2:c(:c(:c(:c(:c:1-[#8]-[#6](-[#1])(-[#1])-[#7](-[#6](-[#1])-[#1])-[#6]-2(-[#1])-[#1])-[#1])-[#8])-[#8])-[#1]
PAINS,anil_alk_D(1),[#7](-[#1])(-c:1:c(:c(:c(:c(:c:1-[#1])-[#1])-[#6](-[#1])(-[#6](-[#1])-[#1])-[#6](-[#1])-[#1])-[#1])-[#1])-[#6](-[#1])(-[#1])-[#6](-[#1])(-[#1])-[#7](-[#6](-[#1])-[#1])-[#6](-[#1])-[#1]
PAINS,het_65_I(1),n:1:2:c:c:c(:c:c:1:c:c(:c:2-[#6](=[#8])-[#6]:[#6])-[#6]:[#6])-[#6](~[#8])~[#8]
PAINS,misc_urea_A(1),c:1(:c(:c(:c(:c(:c:1-[#1])-[#1])-[#1])-[#6](=[#6](-[#1])-[#1])-[#6](-[#1])-[#1])-[#1])-[#6](-[#6;X4])(-[#6;X4])-[#7](-[#1])-[#6](=[#8])-[#7](-[#6](-[#1])(-[#1])-[#6](-[#1])-[#1])-[#6](-[#1])(-[#1])-[#6](-[#1])(-[#1])-[#6](-[#1])-[#6](-[#1])(-[#1])-[#6]:[#6]
PAINS,imidazole_C(1),[#6]-3(-[#1])(-n:1:c(:n:c(:c:1-[#1])-[#1])-[#1])-c:2:c(:c(:c(:c(:c:2-[#1])-[Br])-[#1])-[#1])-[#6](-[#1])(-[#1])-[#6](-[#1])(-[#1])-c:4:c-3:c(:c(:c(:c:4-[#1])-[#1])-[#1])-[#1]
PAINS,styrene_imidazole_A(1),[#6](=[#6](-[#1])-[#6](-[#1])(-[#1])-n:1:c(:n:c(:c:1-[#1])-[#1])-[#1])(-[#6]:[#6])-[#6]:[#6]
PAINS,thiazole_amine_M(1),c:1(:n:c(:c(-[#1]):s:1)-c:2:c:c:n:c:c:2)-[#7](-[#1])-[#6]:[#6]-[#6](-[#1])-[#1]
PAINS,misc_pyrrole_thiaz(1),c:1(:n:c(:c(-[#1]):s:1)-c:2:c:c:c:c:c:2)-[#6](-[#1])(-[#6](-[#1])-[#1])-[#6](-[#1])(-[#1])-[#6](-[#1])(-[#1])-[#7]-[#6](-[#1])(-[#1])-c:3:c:c:c:n:3-[#1]
PAINS,pyrrole_L(1),n:1(-[#1]):c(:c(-[#6](-[#1])-[#1]):c(:c:1-[#6](-[#1])(-[#1])-[#6](-[#1])-[#1])-[#6](-[#1])(-[#1])-[#6](-[#1])-[#1])-[#6](=[#8])-[#8]-[#6](-[#1])-[#1]
PAINS,het_thio_65_D(1),"c:2(:n:c:1:c(:c(:c:c(:c:1-[#1])-[F,Cl,Br,I])-[#1]):n:2-[#1])-[#16]-[#6](-[#1])(-[#1])-[#6](=[#8])-[#7](-[#1])-[#6]:[#6]"
PAINS,ene_misc_E(1),c:1(:c(:c-2:c(:c(:c:1-[#8]-[#6](-[#1])-[#1])-[#1])-[#6]=[#6]-[#6](-[#1])-[#16]-2)-[#1])-[#8]-[#6](-[#1])-[#1]
PAINS,thio_cyano_A(1),[#7]-1(-[#1])-[#6](=[#16])-[#6](-[#1])(-[#6]#[#7])-[#6](-[#1])(-[#6]:[#6])-[#6](=[#6]-1-[#6]:[#6])-[#1]
PAINS,cyano_amino_het_B(1),n:1:c(:c(:c(:c(:c:1-[#16;X2]-c:2:c:c:c:c:c:2-[#7](-[#1])-[#1])-[#6]#[#7])-c:3:c:c:c:c:c:3)-[#6]#[#7])-[#7](-[#1])-[#1]
PAINS,cyano_pyridone_G(1),"[#7]-,:2(-c:1:c:c:c(:c:c:1)-[#8]-[#6](-[#1])-[#1])-,:[#6](=[#8])-,:[#6](=,:[#6]-,:[#6](=,:[#7]-,:2)-n:3:c:n:c:c:3)-[#6]#[#7]"
PAINS,het_65_J(1),o:1:c(:c:c:2:c:1:c(:c(:c(:c:2-[#1])-[#8]-[#6](-[#1])-[#1])-[#8]-[#6](-[#1])-[#1])-[#1])-[#6](~[#8])~[#8]
PAINS,ene_one_yne_A(1),[#6]#[#6]-[#6](=[#8])-[#6]#[#6]
PAINS,anil_OH_no_alk_B(1),c:2(:c:1:c(:c(:c(:c(:c:1:c(:c(:c:2-[#8]-[#1])-[#6]=[#8])-[#1])-[#1])-[#1])-[#1])-[#1])-[#7](-[#1])-[#1]
PAINS,hzone_acyl_misc_A(1),"c:1(:c(:c(:[c;!H0,$(c-[#6;!H0;!H1])](:o:1))-[#1])-[#1])-[#6](=[#8])-[#7](-[#1])-[#7]=[#6;!H0,$([#6]-[#6;!H0!H1])]-c:2:c:c:c:c(:c:2)-[*]-[*]-[*]-c:3:c:c:c:o:3"
PAINS,thiophene_F(1),[#16](=[#8])(=[#8])-[#7](-[#1])-c:1:c(:c(:c(:s:1)-[#6]-[#1])-[#6]-[#1])-[#6](=[#8])-[#7]-[#1]
PAINS,anil_OC_alk_E(1),[#6](-[#1])(-[#1])-[#8]-c:1:c(:c(:c(:c(:c:1-[#1])-[#1])-[#1])-[#1])-[#7](-[#1])-[#6](-[#1])(-[#1])-[#6](-[#1])(-[#8]-[#1])-[#6](-[#1])-[#1]
PAINS,anil_OC_alk_F(1),[#6](-[#1])(-[#1])-[#8]-c:1:c(:c(:c(:c(:c:1-[#1])-[#1])-[#1])-[#1])-[#7](-[#1])-[#6](-[#1])(-[#6]=[#8])-[#16]
PAINS,het_65_K(1),n1nnnc2cccc12
PAINS,het_65_L(1),"c:1-,:2:c(-[#1]):s:c(:c:1-,:[#6](=[#8])-,:[#7]-,:[#7]=,:[#6]-,:2-[#7](-[#1])-[#1])-[#6]=[#8]"
PAINS,coumarin_E(1),"c:1-,:3:c(:c:2:c(:c:c:1-[Br]):o:c:c:2)-,:[#6](=,:[#6]-,:[#6](=[#8])-,:[#8]-,:3)-[#1]"
PAINS,coumarin_F(1),"c:1-,:3:c(:c:c:c:c:1)-,:[#6](=,:[#6](-[#6](=[#8])-[#7](-[#1])-c:2:n:o:c:c:2-[Br])-,:[#6](=[#8])-,:[#8]-,:3)-[#1]"
PAINS,coumarin_G(1),"c:1-,:2:c(:c:c(:c:c:1-[F,Cl,Br,I])-[F,Cl,Br,I])-,:[#6](=,:[#6](-[#6](=[#8])-[#7](-[#1])-[#1])-,:[#6](=[#7]-[#1])-,:[#8]-,:2)-[#1]"
PAINS,coumarin_H(1),"c:1-,:3:c(:c:c:c:c:1)-,:[#6](=,:[#6](-[#6](=[#8])-[#7](-[#1])-c:2:n:c(:c:s:2)-[#6]:[#16]:[#6]-[#1])-,:[#6](=[#8])-,:[#8]-,:3)-[#1]"
PAINS,het_thio_67_A(1),[#6](-[#1])(-[#1])-[#16;X2]-c:2:n:n:c:1-[#6]:[#6]-[#7]=[#6]-[#8]-c:1:n:2
PAINS,sulfonamide_I(1),[#16](=[#8])(=[#8])(-c:1:c:n(-[#6](-[#1])-[#1]):c:n:1)-[#7](-[#1])-c:2:c:n(:n:c:2)-[#6](-[#1])(-[#1])-[#6]:[#6]-[#8]-[#6](-[#1])-[#1]
PAINS,het_65_mannich(1),c:1-2:c(:c(:c(:c(:c:1-[#8]-[#6](-[#1])(-[#1])-[#8]-2)-[#6](-[#1])(-[#1])-[#7]-3-[#6](-[#1])(-[#1])-[#6](-[#1])(-[#1])-[#6]:[#6]-3)-[#1])-[#1])-[#1]
PAINS,anil_alk_A(1),[#6](-[#1])(-[#1])-[#8]-[#6]:[#6]-[#6](-[#1])(-[#1])-[#7](-[#1])-c:2:c(:c(:c:1:n(:c(:n:c:1:c:2-[#1])-[#1])-[#6]-[#1])-[#1])-[#1]
PAINS,het_5_inium(1),"[#7]-,:4(-c:1:c:c:c:c:c:1)-,:[#6](=,:[#7+](-c:2:c:c:c:c:c:2)-,:[#6](=[#7]-c:3:c:c:c:c:c:3)-,:[#7]-,:4)-[#1]"
PAINS,anil_di_alk_P(1),[#6](-[#1])(-[#1])-[#7](-[#6](-[#1])-[#1])-c:2:c:c:c:1:s:c(:n:c:1:c:2)-[#16]-[#6](-[#1])-[#1]
PAINS,thio_urea_Q(1),c:1:2:c(:c(:c(:c(:c:1:c(:c(-[#1]):c(:c:2-[#1])-[#1])-[#6](-[#6](-[#1])-[#1])=[#7]-[#7](-[#1])-[#6](=[#16])-[#7](-[#1])-[#6]:[#6]:[#6])-[#1])-[#1])-[#1])-[#1]
PAINS,thio_pyridine_A(1),[#6]:1(:[#7]:[#6](:[#7]:[!#1]:[#7]:1)-c:2:c(:c(:c(:o:2)-[#1])-[#1])-[#1])-[#16]-[#6;X4]
PAINS,melamine_B(1),n:1:c(:n:c(:n:c:1-[#7](-[#6](-[#1])-[#1])-[#6](-[#1])-[#1])-[#7](-[#6](-[#1])-[#1])-[#6](-[#1])-[#1])-[#7](-[#6]-[#1])-[#6]=[#8]
PAINS,misc_phthal_thio_N(1),c:1(:n:s:c(:n:1)-[#7](-[#6](-[#1])-[#1])-[#6](-[#1])(-[#1])-[#6](-[#1])(-[#1])-[#7]-[#6](=[#8])-c:2:c:c:c:c:c:2-[#6](=[#8])-[#8]-[#1])-c:3:c:c:c:c:c:3
PAINS,hzone_acyl_misc_B(1),n:1:c(:c(:c(:c(:c:1-[#1])-[#1])-[#1])-[#1])-[#6](=[#8])-[#7](-[#1])-[#7]=[#6](-[#1])-c:2:c:c:c:c:c:2-[#8]-[#6](-[#1])(-[#1])-[#6](=[#8])-[#8]-[#1]
PAINS,tert_butyl_B(1),[#6](-[#1])(-[#1])(-[#1])-[#6](-[#6](-[#1])(-[#1])-[#1])(-[#6](-[#1])(-[#1])-[#1])-c:1:c(:c(:c(:c(:c:1-[#8]-[#1])-[#6](-[#6](-[#1])(-[#1])-[#1])(-[#6](-[#1])(-[#1])-[#1])-[#6](-[#1])(-[#1])-[#1])-[#1])-[#6](-[#1])(-[#1])-c:2:c:c:c(:c(:c:2-[#1])-[#1])-[#8]-[#1])-[#1]
PAINS,diazox_E(1),[#7](-[#1])(-[#1])-c:1:c(-[#7](-[#1])-[#1]):c(:c(-[#1]):c:2:n:o:n:c:1:2)-[#1]
PAINS,anil_NH_no_alk_B(1),"[#7](-[#1])(-[#1])-c:1:c(:c(:c(:c(:c:1-[#7](-[#1])-[#16](=[#8])=[#8])-[#1])-[#7](-[#1])-[#6](-[#1])-[#1])-[F,Cl,Br,I])-[#1]"
PAINS,anil_no_alk_A(1),[#7](-[#1])(-[#1])-c:1:c(:c(:c(:c(:c:1-[#7]=[#6]-2-[#6](=[#6]~[#6]~[#6]=[#6]-2)-[#1])-[#1])-[#1])-[#1])-[#1]
PAINS,anil_no_alk_B(1),[#7](-[#1])(-[#1])-c:1:c(:c(:c(:c(:c:1-n:2:c:c:c:c:2)-[#1])-[#6](-[#1])-[#1])-[#6](-[#1])-[#1])-[#1]
PAINS,thio_ene_amine_A(1),[#16]=[#6]-[#6](-[#6](-[#1])-[#1])=[#6](-[#6](-[#1])-[#1])-[#7](-[#6](-[#1])-[#1])-[#6](-[#1])-[#1]
PAINS,het_55_B(1),[#6]-1:[#6]-[#8]-[#6]-2-[#6](-[#1])(-[#1])-[#6](=[#8])-[#8]-[#6]-1-2
PAINS,cyanamide_A(1),[#8]-[#6](=[#8])-[#6](-[#1])(-[#1])-[#16;X2]-[#6](=[#7]-[#6]#[#7])-[#7](-[#1])-c:1:c:c:c:c:c:1
PAINS,ene_one_one_A(1),[#8]=[#6]-[#6]-1=[#6](-[#16]-[#6](=[#6](-[#1])-[#6])-[#16]-1)-[#6]=[#8]
PAINS,ene_six_het_D(1),[#8]=[#6]-1-[#7]-[#7]-[#6](=[#7]-[#6]-1=[#6]-[#1])-[!#1]:[!#1]
PAINS,ene_cyano_E(1),[#8]=[#6]-[#6](-[#1])=[#6](-[#6]#[#7])-[#6]
PAINS,ene_cyano_F(1),[#8](-[#1])-[#6](=[#8])-c:1:c(:c(:c(:c(:c:1-[#8]-[#1])-[#1])-c:2:c(-[#1]):c(:c(:o:2)-[#6](-[#1])=[#6](-[#6]#[#7])-c:3:n:c:c:n:3)-[#1])-[#1])-[#1]
PAINS,hzone_furan_C(1),c:1:c(:c:c:c:c:1)-[#7](-c:2:c:c:c:c:c:2)-[#7]=[#6](-[#1])-[#6]:3:[#6](:[#6](:[#6](:[!#1]:3)-c:4:c:c:c:c(:c:4)-[#6](=[#8])-[#8]-[#1])-[#1])-[#1]
PAINS,anil_no_alk_C(1),[#7](-[#1])(-[#1])-c:1:c(:c(:c(:c(:c:1-[#1])-[#1])-c:2:c(-[#1]):c(:c(-[#6](-[#1])-[#1]):o:2)-[#6]=[#8])-[#1])-[#1]
PAINS,hzone_acid_D(1),[#8](-[#1])-[#6](=[#8])-c:1:c:c:c(:c:c:1)-[#7]-[#7]=[#6](-[#1])-[#6]:2:[#6](:[#6](:[#6](:[!#1]:2)-c:3:c:c:c:c:c:3)-[#1])-[#1]
PAINS,hzone_furan_E(1),[#8](-[#1])-[#6](=[#8])-c:1:c:c:c:c(:c:1)-[#6]:[!#1]:[#6]-[#6]=[#7]-[#7](-[#1])-[#6](=[#8])-[#6](-[#1])(-[#1])-[#8]
PAINS,het_6_pyridone_NH2(1),[#8](-[#1])-[#6]:1:[#6](:[#6]:[!#1]:[#6](:[#7]:1)-[#7](-[#1])-[#1])-[#6](-[#1])(-[#1])-[#6](=[#8])-[#8]
PAINS,imine_one_fives_D(1),[#6]-1(=[!#6&!#1])-[#6](-[#7]=[#6]-[#16]-1)=[#8]
PAINS,pyrrole_M(1),n2(-c:1:c:c:c:c:c:1)c(c(-[#1])c(c2-[#6]=[#7]-[#8]-[#1])-[#1])-[#1]
PAINS,pyrrole_N(1),n2(-[#6](-[#1])-c:1:c(:c(:c:c(:c:1-[#1])-[#1])-[#1])-[#1])c(c(-[#1])c(c2-[#6]-[#1])-[#1])-[#6]-[#1]
PAINS,pyrrole_O(1),n1(-[#6](-[#1])-[#1])c(c(-[#6](=[#8])-[#6])c(c1-[#6]:[#6])-[#6])-[#6](-[#1])-[#1]
PAINS,ene_cyano_G(1),n1(-[#6])c(c(-[#1])c(c1-[#6](-[#1])=[#6](-[#6]#[#7])-c:2:n:c:c:s:2)-[#1])-[#1]
PAINS,sulfonamide_J(1),n3(-c:1:c:c:c:c:c:1-[#7](-[#1])-[#16](=[#8])(=[#8])-c:2:c:c:c:s:2)c(c(-[#1])c(c3-[#1])-[#1])-[#1]
PAINS,misc_pyrrole_benz(1),n2(-c:1:c(:c(:c(:c(:c:1-[#1])-[#1])-[#1])-[#1])-[#6](=[#8])-[#7](-[#1])-[#6](-[#1])(-[#6](-[#1])-[#1])-[#6](-[#1])(-[#1])-[#8]-[#6]:[#6])c(c(-[#1])c(c2-[#1])-[#1])-[#1]
PAINS,thio_urea_R(1),c:1(:c:c:c:c:c:1)-[#7](-[#1])-[#6](=[#16])-[#7]-[#7](-[#1])-[#6](-[#1])=[#6](-[#1])-[#6]=[#8]
PAINS,ene_one_one_B(1),[#6]-1(-[#6](=[#8])-[#6](-[#1])(-[#1])-[#6]-[#6](-[#1])(-[#1])-[#6]-1=[#8])=[#6](-[#7]-[#1])-[#6]=[#8]
PAINS,dhp_amino_CN_H(1),[#7](-[#1])(-[#1])-[#6]-1=[#6](-[#6]#[#7])-[#6](-[#1])(-[#6]:[#6])-[#16]-[#6;X4]-[#16]-1
PAINS,het_66_anisole(1),[#6](-[#1])(-[#1])-[#8]-c:1:c(:c(:c(:c(:c:1-[#1])-[#1])-[#1])-[#1])-[#7](-[#1])-c:2:c:c:n:c:3:c(:c:c:c(:c:2:3)-[#8]-[#6](-[#1])-[#1])-[#8]-[#6](-[#1])-[#1]
PAINS,thiazole_amine_N(1),[#6](-[#1])(-[#1])-[#8]-c:1:c(:c(:c(:c(:c:1-[#1])-[#1])-[#8]-[#6](-[#1])-[#1])-[#1])-[#7](-[#1])-c:2:n:c(:c:s:2)-c:3:c:c:c(:c:c:3)-[#8]-[#6](-[#1])-[#1]
PAINS,het_pyridiniums_C(1),[#6]~1~3~[#7](-[#6]:[#6])~[#6]~[#6]~[#6]~[#6]~1~[#6]~2~[#7]~[#6]~[#6]~[#6]~[#7+]~2~[#7]~3
PAINS,het_5_E(1),[#7]-3(-c:2:c:1:c:c:c:c:c:1:c:c:c:2)-[#7]=[#6](-[#6](-[#1])-[#1])-[#6](-[#1])(-[#1])-[#6]-3=[#8]
MLSMR,anhydride,C(=O)OC(=O)
MLSMR,pentafluorophenyl ester,C(=O)Oc1c(F)c(F)c(F)c(F)c1(F)
MLSMR,p-nitrophenyl ester,C(=O)Oc1ccc([N+]([O-])=O)cc1
MLSMR,any carbazide,O=*N=[N+]=[N-]
MLSMR,HOBT ester,C(=O)Onnn
MLSMR,aromatic azide,cN=[N+]=[N-]
MLSMR,imine2,"[#6,#8,#16]-[CH1]=[NH1]"
MLSMR,sulfonyl cyanide,S(=O)(=O)C#N
MLSMR,azocyanamide,[N;R0]=[N;R0]C#N
MLSMR,cyanohydrin,N#CC[OH]
MLSMR,acyl cyanide,N#CC(=O)
MLSMR,acid halide,"[S,C](=[O,S])[F,Br,Cl,I]"
MLSMR,chloramidine,[Cl]C([C&R0])=N
MLSMR,P/S halide,"[P,S][F,Cl,Br,I]"
MLSMR,quaternary,"[C+,Cl+,I+,P+,S+]"
MLSMR,unacceptable atoms,[!#6;!#7;!#8;!#16;!#1;!#3;!#9;!#11;!#12;!#15;!#17;!#19;!#20;!#30;!#35]
MLSMR,triacyloxime,C(=O)N(C(=O))OC(=O)
MLSMR,b-carbonyl quaternary nitrogen,"C(=O)CC[N+,n+]"
MLSMR,benzylic quaternary nitrogen,cC[N+]
MLSMR,phosphorane,C=P
MLSMR,Lawesson reagent derivatives,P(=S)(S)S
MLSMR,cyanophosphonate,P(OCC)(OCC)(=O)C#N
MLSMR,sulfonate,"COS(=O)(=O)[C,c]"
MLSMR,Heteroaryl sulfonate,"a-S(=O)(=O)-O[$([a&!#6]),$(c[a&!#6]),$(cc[a&!#6]),$(ccc[a&!#6]),$(cccc[a&!#6]),$(ccccc[a&!#6])]"
MLSMR,sulfate ester,"COS(=O)O[C,c]"
MLSMR,triflate,OS(=O)(=O)C(F)(F)F
MLSMR,polyacidic,"[C,S,P](=O)[OH].[C,S,P](=O)[OH].[C,S,P](=O)[OH].[C,S,P](=O)[OH]"
MLSMR,Sulfonic acid,[OH]-S(=O)(=O)-*
MLSMR,thiol,[SH]
MLSMR,benzhydrol,[OH1]-C(-c1ccccc1)c2ccccc2
MLSMR,dihydroxybenzene,[OH1]c1ccc([OH1])cc1
MLSMR,"2,3,4trihydroxyphenyl",c([OH])c([OH])c([OH])
MLSMR,"2,4,5trihydroxyphenyl",c([OH])c([OH])cc([OH])
MLSMR,allene,*=C=*
MLSMR,Azide,N=N=N
MLSMR,azoalkanal,[N;R0]=[N;R0]CC=O
MLSMR,hydrazothiourea,N=NC(=S)N
MLSMR,Azo,N=N
MLSMR,aldehyde,[#6]-[CH1]=O
MLSMR,hemiacetal,[#6]-O[CH1](-[#6])[OH1]
MLSMR,acetal,[#6]-O[CH1](-[#6])O-[#6]
MLSMR,Ketone,[#6]-C(=O)-[#6]
MLSMR,Ester,[#6]-C(=O)O-[#6]
MLSMR,imine 1,"[#6,#8,#16]-C(=[NH1])[#6,#8,#16]"
MLSMR,Imine 3,C=[NH]
MLSMR,thioketone,CC(=S)C
MLSMR,thioester,"C[O,S;R0][C;R0](=S)"
MLSMR,thionoester,COC(=S)C
MLSMR,thioamide,CC(=S)N
MLSMR,thiourea,NC(=S)N
MLSMR,nitroso,[N&D2](=O)
MLSMR,long chain hydrocarbon,[CD2;R0][CD2;R0][CD2;R0][CD2;R0][CD2;R0][CD2;R0]
MLSMR,Long aliphatic chain,"[N,C,S,O]!@[N,C,S,O]!@[N,C,S,O]!@[N,C,S,O]!@[N,C,S,O]!@[N,C,S,O]!@[N,C,S,O]"
MLSMR,Unbranched chain,"[$([A&D2]),$([A&D1])]!@[A&D2]!@[A&D2]!@[A&D2]!@[A&D2]!@[$([A&D2]),$([A&D1])]"
MLSMR,polyene,C=CC=CC=CC=C
MLSMR,Dye 25,acC=&!@Cca
MLSMR,isonitrile,[N+]#[C-]
MLSMR,thiocyanate,SC#N
MLSMR,cyanamide,N[CH2]C#N
MLSMR,Dye 16 (1),c([N+](=O)[O-])
MLSMR,nitro aromatic 2+,a-[N+](=O)[O-].a-[N+](=O)[O-]
MLSMR,Dye 29,"O=[N+](-[O-])-caac-[$(N(C)C),$([NH]C),$([NH2])]"
MLSMR,Dye 1 (1),"c1cccc(C(=O)[C,c]([#7])=,:[C,c]([#7])C2(=O))c12"
MLSMR,Dye 7,"N=C1[#6]:,=[#6]C(=[C,N])[#6]:,=[#6]1"
MLSMR,Dye 11,"*=,:[#6]C([#6]=,:*)[#6]=,:*"
MLSMR,Dye 9,[a]c-[*]=&!@[*]-&!@C(=O)-&!@c[a]
MLSMR,Dye 32,"c1cccc2C(=O)C(C:,=*)C(=O)c12"
MLSMR,Dye 6,c12cccc(C(=O)C(ca)C(=O)3)c2c3ccc1
MLSMR,Dye 22,NS(=O)(=O)c1cccc([#7])c1
MLSMR,Dye 2,OCccCO
MLSMR,Dye 26,c1ccccc1-n2nnnc2[CH2]*
MLSMR,alkyl halide,"[Br,Cl,I][CX4,CH,CH2,CH3]"
MLSMR,Perhalo_ketone,"O=CC(-[F,Cl,Br,I])([F,Cl,Br,I])-[F,Cl,Br,I]"
MLSMR,Beta halo carbonyl,"O=CCC[F,Cl,Br,I]"
MLSMR,4-halopyridine,"[F,Cl,Br][c]1:[c,n]:[c,n]:[n]:[c,n]:[c,n]1"
MLSMR,2-halopyridine,"[F,Cl,Br][c]1:[c,n]:[c,n]:[c,n]:[c,n]:[n]1"
MLSMR,Hetero_hetero,"*[N,S,O]-&!@[N,S,O][#6]"
MLSMR,peroxide,OO
MLSMR,disulfide,SS
MLSMR,hydrazine,[#6]-[NH]-[NH]-[#6]
MLSMR,acyl hydrazine,[N;R0][N;R0]C(=O)
MLSMR,vinyl michael acceptor1,"[#6]-[CH1]=C-C(=O)[#6,#7,#8]"
MLSMR,vinyl michael acceptor2,"[CH2]=C-C(=O)[#6,#7,#8]"
MLSMR,michael acceptor 5,N#CC(=C)C#N
MLSMR,Michael acceptor 6,"[#6,#7]-&!@[#6](=&!@[CH])-&!@C(=O)-&!@[C,N,O,S]"
MLSMR,alkynyl michael acceptor1,"[#6]-C#CC(=O)[#6,#7,#8]"
MLSMR,alkynyl michael acceptor2,"[CH1]#CC(=O)-[#6,#7,#8]"
MLSMR,nitroalkane,C[N+](=O)[O-]
MLSMR,crown ether,[O;R1][C;R1][C;R1][O;R1][C;R1][C;R1][O;R1]
MLSMR,nitrate,[#6]-O-[N+](=O)[O-]
MLSMR,Oxalyl,O=C-&!@C=O
MLSMR,Dipeptide,*-C(=O)-&!@[NH]-C-&!@C(=O)-&!@[NH]-*
MLSMR,quaternary nitroxy,C[N+](-[O-])(C)C
MLSMR,Triphenylphosphine,a-P(-a)-a
MLSMR,Phosphoric acid,[OH]-P(=O)(-O)-*
MLSMR,Phosphoric ester,COP(=O)(-*)O
MLSMR,di/triphosphate,P(=O)([OH])OP(=O)[OH]
MLSMR,tri phosphoric esters,[#6]OP(=O)(*)O[#6].[#6]OP(=O)(*)O[#6].[#6]OP(=O)(*)O[#6]
MLSMR,phosphoramide,NP(=O)(N)N
MLSMR,Phenalene,c1(c)c2c(c)cccc2ccc1
MLSMR,(poly(azo(anthracene)),"c12:[c,n]:[c,n]:[c,n]:[c,n]:c1[c,n]c3:[c,n]:[c,n]:[c,n]:[c,n]:c3[c,n]2"
MLSMR,(poly(azo(phenanthrene)),"c12:[c,n]:[c,n]:[c,n]:[c,n]:c1:[c,n]:[c,n]:c3:[c,n]:[c,n]:[c,n]:[c,n]:c23"
MLSMR,Dye 31,a1aaac2ac3acac4aaac(c34)c12
MLSMR,Dye 4,c12ccccc1C(=O)c3ccccc3C2=O
MLSMR,Dye 8,c12cccc(C(=O)N(-&!@C)C(=O)3)c2c3ccc1
MLSMR,"epoxide, aziridine, thioepoxide","C1[O,S,N]C1"
MLSMR,propiolactone,C1(=O)OCC1
MLSMR,b-lactam,N1CCC1=O
MLSMR,cycloheximide,O=C1CCCC(N1)=O
MLSMR,aromatic Sulfonic ester,"[#6,#7]-S(=O)(=O)Oc"
MLSMR,quinone,"[$([o,n]=c1ccc(=[o,n])cc1),$([O,N]=C1C=CC(=[O,N])C=C1),$([O,N]=C1[#6]:,=[#6]C(=[O,N])[#6]:,=[#6]1)]"
MLSMR,saponin,O1CCCCC1OC2CCC3CCCCC3C2
MLSMR,monensin,O1CCCCC1C2CCCO2
MLSMR,squalestatin,C12OCCC(O1)CC2
MLSMR,cyanidin,[OH]c1cc([OH])cc2=[O+]C(=C([OH])Cc21)c3cc([OH])c([OH])cc3
MLSMR,cytochalasin,O=C1NCC2CCCCC21
